price,bedrooms,bathrooms,livingarea,propertytype,listingstatus,vegas_district,latitude,longitude,snapshot_date
7100000.0,5,8.0,10153.0,SINGLE_FAMILY,FOR_SALE,Enterprise,35.979317,-115.19286,2026-02-20
534900.0,3,3.0,2122.0,SINGLE_FAMILY,FOR_SALE,Centennial,36.302166,-115.32317,2026-02-14
459900.0,3,3.0,1547.0,SINGLE_FAMILY,FOR_SALE,Mountains Edge,35.997093,-115.255905,2026-02-23
320000.0,3,3.0,1202.0,SINGLE_FAMILY,FOR_SALE,North Las Vegas,36.238663,-115.065834,2026-02-09
675000.0,5,3.0,3037.0,SINGLE_FAMILY,FOR_SALE,Centennial,36.29039,-115.32404,2026-02-20
619000.0,4,3.0,2819.0,SINGLE_FAMILY,FOR_SALE,Centennial,36.300854,-115.318245,2026-02-15
439999.0,3,2.0,1503.0,SINGLE_FAMILY,FOR_SALE,Centennial,36.301052,-115.328705,2026-02-23
1200000.0,4,3.0,3918.0,SINGLE_FAMILY,FOR_SALE,Mountains Edge,36.024693,-115.275505,2026-02-17
609000.0,4,4.0,3076.0,SINGLE_FAMILY,FOR_SALE,Enterprise,36.00728,-115.20828,2026-02-21
380000.0,3,3.0,1289.0,SINGLE_FAMILY,FOR_SALE,Centennial,36.2989,-115.319214,2026-02-21
415000.0,2,2.0,1157.0,SINGLE_FAMILY,FOR_SALE,Winchester,36.127853,-115.047,2026-02-17
535000.0,3,3.0,2122.0,SINGLE_FAMILY,FOR_SALE,Centennial,36.302307,-115.32324,2026-02-23
429000.0,3,3.0,1991.0,SINGLE_FAMILY,FOR_SALE,Mountains Edge,36.002686,-115.24534,2026-02-09
475000.0,3,2.0,1676.0,SINGLE_FAMILY,FOR_SALE,Mountains Edge,35.998203,-115.24816,2026-02-22
510000.0,4,4.0,2352.0,SINGLE_FAMILY,FOR_SALE,Centennial,36.302155,-115.32865,2026-02-11
1295000.0,4,4.0,3846.0,SINGLE_FAMILY,FOR_SALE,Summerlin,36.23538,-115.28569,2026-02-23
523000.0,4,3.0,2321.0,SINGLE_FAMILY,FOR_SALE,Spring Valley,36.08437,-115.25811,2026-02-09
550000.0,4,3.0,2948.0,SINGLE_FAMILY,FOR_SALE,Centennial,36.29089,-115.298386,2026-02-22
459000.0,3,2.0,1676.0,SINGLE_FAMILY,FOR_SALE,Mountains Edge,35.996555,-115.24858,2026-02-20
534500.0,4,4.0,2613.0,SINGLE_FAMILY,FOR_SALE,Enterprise,36.03757,-115.20136,2026-02-22
299900.0,3,3.0,1645.0,SINGLE_FAMILY,FOR_SALE,North Las Vegas,36.24339,-115.05862,2026-02-22
850000.0,4,3.0,2451.0,SINGLE_FAMILY,FOR_SALE,Mountains Edge,36.08398,-115.326,2026-02-11
889000.0,5,5.0,4521.0,SINGLE_FAMILY,FOR_SALE,Enterprise,36.03909,-115.22976,2026-02-22
498888.0,4,4.0,2334.0,SINGLE_FAMILY,FOR_SALE,Centennial,36.295082,-115.32733,2026-02-20
440000.0,3,3.0,1826.0,SINGLE_FAMILY,FOR_SALE,Mountains Edge,35.988564,-115.25365,2026-02-17
525000.0,5,3.0,2948.0,SINGLE_FAMILY,FOR_SALE,Centennial,36.290226,-115.298325,2026-02-23
700000.0,4,3.0,3952.0,SINGLE_FAMILY,FOR_SALE,Enterprise,36.00954,-115.209175,2026-02-23
999000.0,4,3.0,3617.0,SINGLE_FAMILY,FOR_SALE,Centennial,36.275143,-115.29631,2026-02-15
748000.0,4,4.0,3122.0,SINGLE_FAMILY,FOR_SALE,Spring Valley,36.128216,-115.24888,2026-02-14
799999.0,4,3.0,2355.0,SINGLE_FAMILY,FOR_SALE,Centennial,36.288,-115.31989,2026-02-09
1150000.0,4,4.0,3861.0,SINGLE_FAMILY,FOR_SALE,Centennial,36.29809,-115.23745,2026-02-11
515000.0,3,2.0,1948.0,SINGLE_FAMILY,FOR_SALE,Spring Valley,36.10612,-115.270966,2026-02-22
498000.0,4,3.0,2545.0,SINGLE_FAMILY,FOR_SALE,Centennial,36.30131,-115.32756,2026-02-23
483000.0,4,3.0,2288.0,SINGLE_FAMILY,FOR_SALE,Centennial,36.29159,-115.29962,2026-02-09
850000.0,3,3.0,2240.0,SINGLE_FAMILY,FOR_SALE,Summerlin,36.168003,-115.36641,2026-02-16
408800.0,5,4.0,3065.0,SINGLE_FAMILY,FOR_SALE,Enterprise,36.01271,-115.21347,2026-02-23
875000.0,5,4.0,4115.0,SINGLE_FAMILY,FOR_SALE,Centennial,36.302994,-115.25513,2026-02-07
849000.0,3,3.0,2346.0,SINGLE_FAMILY,FOR_SALE,Centennial,36.28336,-115.322334,2026-02-23
515000.0,3,2.0,1950.0,SINGLE_FAMILY,FOR_SALE,Mountains Edge,36.00138,-115.246284,2026-02-09
342000.0,2,3.0,1593.0,SINGLE_FAMILY,FOR_SALE,Centennial,36.30195,-115.29372,2026-02-07
420000.0,3,3.0,1737.0,SINGLE_FAMILY,FOR_SALE,Centennial,36.30966,-115.29921,2026-02-16
400000.0,3,3.0,1911.0,SINGLE_FAMILY,FOR_SALE,Summerlin,36.231262,-115.3273,2026-02-15
15250000.0,7,9.0,11200.0,SINGLE_FAMILY,FOR_SALE,Centennial,36.292778,-115.23991,2026-02-23
390000.0,4,3.0,1871.0,SINGLE_FAMILY,FOR_SALE,Centennial,36.30195,-115.2933,2026-02-11
2495000.0,4,5.0,3776.0,SINGLE_FAMILY,FOR_SALE,Summerlin,36.112747,-115.33477,2026-02-17
409999.0,3,3.0,1632.0,SINGLE_FAMILY,FOR_SALE,Centennial,36.293247,-115.32402,2026-02-14
640000.0,4,4.0,2642.0,SINGLE_FAMILY,FOR_SALE,Centennial,36.298946,-115.32731,2026-02-09
3499000.0,4,6.0,4888.0,SINGLE_FAMILY,FOR_SALE,Summerlin,36.11472,-115.336105,2026-02-07
780000.0,4,3.0,3524.0,SINGLE_FAMILY,FOR_SALE,Centennial,36.322067,-115.217476,2026-02-22
650000.0,3,3.0,2535.0,SINGLE_FAMILY,FOR_SALE,Centennial,36.287315,-115.31451,2026-02-07
1379888.0,4,4.0,4267.0,SINGLE_FAMILY,FOR_SALE,Centennial,36.2618,-115.30838,2026-02-07
10250000.0,6,8.0,8540.0,SINGLE_FAMILY,FOR_SALE,Downtown Las Vegas,36.163853,-115.1742,2026-02-23
1050000.0,4,4.0,3901.0,SINGLE_FAMILY,FOR_SALE,Winchester,36.166534,-115.03806,2026-02-11
1498888.0,3,4.0,3012.0,SINGLE_FAMILY,FOR_SALE,Downtown Las Vegas,36.13784,-115.144714,2026-02-20
29500000.0,5,13.0,23748.0,SINGLE_FAMILY,FOR_SALE,Summerlin,36.128708,-115.35047,2026-02-23
17500000.0,6,8.0,11211.0,SINGLE_FAMILY,FOR_SALE,Summerlin,36.118134,-115.34386,2026-02-23
2799000.0,4,5.0,4172.0,SINGLE_FAMILY,FOR_SALE,Summerlin,36.110386,-115.334,2026-02-09
8950000.0,6,7.0,8380.0,SINGLE_FAMILY,FOR_SALE,Summerlin,36.10919,-115.34014,2026-02-15
3198880.0,5,6.0,6664.0,SINGLE_FAMILY,FOR_SALE,Enterprise,35.98674,-115.20088,2026-02-21
1200000.0,4,3.0,3608.0,SINGLE_FAMILY,FOR_SALE,Centennial,36.29124,-115.308975,2026-02-07
500000.0,3,4.0,2318.0,SINGLE_FAMILY,FOR_SALE,Centennial,36.284374,-115.311356,2026-02-11
400000.0,3,3.0,1731.0,SINGLE_FAMILY,FOR_SALE,Centennial,36.28323,-115.29204,2026-02-19
1174000.0,3,3.0,2483.0,SINGLE_FAMILY,FOR_SALE,Summerlin,36.179726,-115.368706,2026-02-11
920000.0,5,5.0,2616.0,SINGLE_FAMILY,FOR_SALE,Summerlin,36.16009,-115.36714,2026-02-16
875000.0,4,5.0,2581.0,SINGLE_FAMILY,FOR_SALE,Summerlin,36.17341,-115.3568,2026-02-07
8499000.0,6,7.0,7167.0,SINGLE_FAMILY,FOR_SALE,Summerlin,36.11012,-115.34175,2026-02-14
1999000.0,5,5.0,4010.0,SINGLE_FAMILY,FOR_SALE,Mountains Edge,36.084827,-115.32338,2026-02-14
580000.0,3,3.0,2001.0,SINGLE_FAMILY,FOR_SALE,Mountains Edge,36.053715,-115.28537,2026-02-21
505000.0,4,3.0,2264.0,SINGLE_FAMILY,FOR_SALE,Mountains Edge,36.036095,-115.257744,2026-02-09
825000.0,4,4.0,2988.0,SINGLE_FAMILY,FOR_SALE,Enterprise,36.037872,-115.19992,2026-02-09
765000.0,5,4.0,3067.0,SINGLE_FAMILY,FOR_SALE,Enterprise,35.96615,-115.18763,2026-02-09
675000.0,4,4.0,2775.0,SINGLE_FAMILY,FOR_SALE,Centennial,36.31125,-115.31278,2026-02-16
1845000.0,5,6.0,4014.0,SINGLE_FAMILY,FOR_SALE,Mountains Edge,36.03813,-115.27604,2026-02-17
1279000.0,5,5.0,4014.0,SINGLE_FAMILY,FOR_SALE,Centennial,36.31269,-115.26287,2026-02-14
2100000.0,3,5.0,3280.0,SINGLE_FAMILY,FOR_SALE,Summerlin,36.181725,-115.36554,2026-02-23
1199900.0,4,4.0,3536.0,SINGLE_FAMILY,FOR_SALE,Centennial,36.27622,-115.31396,2026-02-11
519888.0,4,3.0,2290.0,SINGLE_FAMILY,FOR_SALE,Enterprise,36.047733,-115.21558,2026-02-22
859000.0,2,2.0,2236.0,SINGLE_FAMILY,FOR_SALE,Summerlin,36.158848,-115.38154,2026-02-07
386000.0,3,3.0,1473.0,TOWNHOUSE,FOR_SALE,Downtown Las Vegas,36.189396,-115.18628,2026-02-11
599000.0,2,2.0,1421.0,SINGLE_FAMILY,FOR_SALE,Summerlin,36.160393,-115.37964,2026-02-11
265000.0,2,2.0,1075.0,TOWNHOUSE,FOR_SALE,North Las Vegas,36.23793,-115.06636,2026-02-15
700000.0,5,3.0,2996.0,SINGLE_FAMILY,FOR_SALE,Enterprise,36.00212,-115.16906,2026-02-15
385000.0,4,3.0,1603.0,SINGLE_FAMILY,FOR_SALE,Green Valley,36.092327,-115.03656,2026-02-15
228000.0,2,2.0,994.0,CONDO,FOR_SALE,Paradise,36.095585,-115.13087,2026-02-20
540000.0,4,3.0,2109.0,SINGLE_FAMILY,FOR_SALE,Centennial,36.315517,-115.32322,2026-02-17
535000.0,4,3.0,2281.0,SINGLE_FAMILY,FOR_SALE,Centennial,36.318283,-115.308586,2026-02-07
499800.0,3,3.0,1764.0,SINGLE_FAMILY,FOR_SALE,Centennial,36.3247,-115.30146,2026-02-19
445000.0,3,3.0,1800.0,SINGLE_FAMILY,FOR_SALE,Centennial,36.27869,-115.29501,2026-02-20
595000.0,2,2.0,1725.0,SINGLE_FAMILY,FOR_SALE,Centennial,36.278637,-115.33595,2026-02-23
285000.0,3,2.0,1183.0,CONDO,FOR_SALE,Summerlin,36.14871,-115.29601,2026-02-17
625000.0,5,4.0,3011.0,SINGLE_FAMILY,FOR_SALE,Enterprise,36.049957,-115.2262,2026-02-17
459000.0,2,2.0,1194.0,SINGLE_FAMILY,FOR_SALE,Spring Valley,36.083233,-115.25093,2026-02-11
640000.0,4,3.0,2203.0,SINGLE_FAMILY,FOR_SALE,Summerlin,36.14106,-115.31717,2026-02-07
2150000.0,4,5.0,4560.0,SINGLE_FAMILY,FOR_SALE,Spring Valley,36.135555,-115.25942,2026-02-17
1500000.0,4,4.0,3396.0,SINGLE_FAMILY,FOR_SALE,Mountains Edge,36.07644,-115.317116,2026-02-11
775000.0,4,3.0,3235.0,SINGLE_FAMILY,FOR_SALE,Mountains Edge,36.075058,-115.28656,2026-02-20
14999000.0,4,8.0,11000.0,SINGLE_FAMILY,FOR_SALE,Summerlin,36.117985,-115.343376,2026-02-22
120000.0,2,2.0,862.0,CONDO,FOR_SALE,Paradise,36.092144,-115.145454,2026-02-17
207000.0,3,2.0,2176.0,MOBILE,FOR_SALE,Winchester,36.15433,-115.10736,2026-02-14
1150000.0,4,4.0,2845.0,SINGLE_FAMILY,FOR_SALE,Enterprise,35.95974,-115.18822,2026-02-09
700000.0,5,4.0,3952.0,SINGLE_FAMILY,FOR_SALE,Enterprise,36.012886,-115.22525,2026-02-07
779990.0,4,4.0,3179.0,SINGLE_FAMILY,FOR_SALE,Enterprise,36.005356,-115.18481,2026-02-17
2499900.0,4,4.0,3902.0,SINGLE_FAMILY,FOR_SALE,Summerlin,36.217125,-115.34258,2026-02-11
899900.0,4,3.0,2446.0,SINGLE_FAMILY,FOR_SALE,Centennial,36.29374,-115.312874,2026-02-15
30000000.0,6,9.0,11126.0,SINGLE_FAMILY,FOR_SALE,Summerlin,36.107788,-115.34631,2026-02-23
795000.0,4,3.0,2446.0,SINGLE_FAMILY,FOR_SALE,Centennial,36.26368,-115.27974,2026-02-16
499999.0,4,3.0,1912.0,SINGLE_FAMILY,FOR_SALE,Mountains Edge,36.05142,-115.27956,2026-02-11
459999.0,3,3.0,1760.0,SINGLE_FAMILY,FOR_SALE,Mountains Edge,35.99824,-115.23201,2026-02-22
489400.0,3,3.0,1912.0,SINGLE_FAMILY,FOR_SALE,Mountains Edge,36.065662,-115.287315,2026-02-23
529900.0,4,3.0,2423.0,SINGLE_FAMILY,FOR_SALE,Centennial,36.28025,-115.32717,2026-02-11
650000.0,3,3.0,2514.0,SINGLE_FAMILY,FOR_SALE,Centennial,36.31323,-115.308136,2026-02-07
639999.0,3,2.0,2153.0,SINGLE_FAMILY,FOR_SALE,Enterprise,36.003094,-115.201385,2026-02-22
379900.0,4,3.0,1643.0,SINGLE_FAMILY,FOR_SALE,Green Valley,36.098724,-115.046425,2026-02-20
1320000.0,2,4.0,2654.0,SINGLE_FAMILY,FOR_SALE,Mountains Edge,36.066303,-115.308044,2026-02-15
1345888.0,4,5.0,3880.0,SINGLE_FAMILY,FOR_SALE,Mountains Edge,36.075634,-115.31607,2026-02-09
1200000.0,4,4.0,2983.0,SINGLE_FAMILY,FOR_SALE,Mountains Edge,36.0585,-115.30536,2026-02-17
815000.0,4,3.0,3575.0,SINGLE_FAMILY,FOR_SALE,Summerlin,36.245255,-115.332184,2026-02-11
1248000.0,4,3.0,3018.0,SINGLE_FAMILY,FOR_SALE,Centennial,36.261913,-115.30701,2026-02-07
912000.0,4,3.0,2437.0,SINGLE_FAMILY,FOR_SALE,Centennial,36.26795,-115.32562,2026-02-21
615000.0,4,3.0,2794.0,SINGLE_FAMILY,FOR_SALE,Centennial,36.308277,-115.31366,2026-02-14
600000.0,4,4.0,2403.0,SINGLE_FAMILY,FOR_SALE,Paradise,36.0893,-115.10135,2026-02-23
595000.0,3,3.0,2648.0,SINGLE_FAMILY,FOR_SALE,Centennial,36.309055,-115.32581,2026-02-19
849990.0,3,3.0,2012.0,SINGLE_FAMILY,FOR_SALE,Summerlin,36.167007,-115.371704,2026-02-23
849900.0,2,2.0,1679.0,SINGLE_FAMILY,FOR_SALE,Mountains Edge,36.063053,-115.310585,2026-02-17
500000.0,4,3.0,2415.0,SINGLE_FAMILY,FOR_SALE,Mountains Edge,36.022877,-115.30794,2026-02-17
645000.0,4,4.0,3076.0,SINGLE_FAMILY,FOR_SALE,Enterprise,36.008076,-115.222946,2026-02-23
3850000.0,4,5.0,4445.0,SINGLE_FAMILY,FOR_SALE,Mountains Edge,36.093227,-115.324844,2026-02-17
3499950.0,5,7.0,4725.0,SINGLE_FAMILY,FOR_SALE,Mountains Edge,36.09304,-115.324844,2026-02-07
609000.0,4,2.0,1989.0,SINGLE_FAMILY,FOR_SALE,Mountains Edge,36.02261,-115.2552,2026-02-17
369000.0,4,3.0,1339.0,SINGLE_FAMILY,FOR_SALE,Green Valley,36.097137,-115.03661,2026-02-23
525000.0,4,4.0,2397.0,SINGLE_FAMILY,FOR_SALE,Centennial,36.30709,-115.33214,2026-02-22
735000.0,4,4.0,2519.0,SINGLE_FAMILY,FOR_SALE,Centennial,36.30697,-115.32949,2026-02-11
2400000.0,3,4.0,3255.0,SINGLE_FAMILY,FOR_SALE,Summerlin,36.16286,-115.37623,2026-02-23
579000.0,6,3.0,2622.0,SINGLE_FAMILY,FOR_SALE,Summerlin,36.17747,-115.266304,2026-02-22
380000.0,3,3.0,2053.0,SINGLE_FAMILY,FOR_SALE,Winchester,36.139877,-115.032455,2026-02-23
560000.0,3,3.0,2341.0,SINGLE_FAMILY,FOR_SALE,Enterprise,35.99523,-115.22642,2026-02-23
625000.0,3,3.0,2051.0,SINGLE_FAMILY,FOR_SALE,Enterprise,35.98175,-115.18195,2026-02-11
510000.0,2,3.0,1749.0,SINGLE_FAMILY,FOR_SALE,Centennial,36.30912,-115.33045,2026-02-11
575000.0,4,2.0,1815.0,SINGLE_FAMILY,FOR_SALE,Centennial,36.3099,-115.33105,2026-02-07
680000.0,3,3.0,1782.0,SINGLE_FAMILY,FOR_SALE,Summerlin,36.169205,-115.37211,2026-02-23
500000.0,5,3.0,2462.0,SINGLE_FAMILY,FOR_SALE,Mountains Edge,36.006355,-115.268295,2026-02-15
530000.0,5,3.0,2462.0,SINGLE_FAMILY,FOR_SALE,Mountains Edge,36.006268,-115.26723,2026-02-23
629000.0,4,3.0,2275.0,SINGLE_FAMILY,FOR_SALE,Enterprise,36.008762,-115.19493,2026-02-09
715000.0,4,4.0,2609.0,SINGLE_FAMILY,FOR_SALE,Mountains Edge,36.016148,-115.31351,2026-02-17
570000.0,4,3.0,2481.0,SINGLE_FAMILY,FOR_SALE,Mountains Edge,35.99952,-115.27464,2026-02-14
649900.0,3,2.0,1717.0,SINGLE_FAMILY,FOR_SALE,Centennial,36.319714,-115.31152,2026-02-14
765000.0,5,4.0,2454.0,SINGLE_FAMILY,FOR_SALE,Summerlin,36.11481,-115.32825,2026-02-14
569000.0,4,3.0,2126.0,SINGLE_FAMILY,FOR_SALE,Centennial,36.25963,-115.33159,2026-02-17
442599.0,2,3.0,1419.0,SINGLE_FAMILY,FOR_SALE,Centennial,36.25942,-115.33169,2026-02-19
825000.0,4,4.0,2888.0,SINGLE_FAMILY,FOR_SALE,Centennial,36.320675,-115.316,2026-02-07
1188500.0,3,3.0,2363.0,SINGLE_FAMILY,FOR_SALE,Summerlin,36.184353,-115.35321,2026-02-16
599000.0,3,2.0,1576.0,SINGLE_FAMILY,FOR_SALE,Centennial,36.326096,-115.302086,2026-02-23
825000.0,4,3.0,2601.0,SINGLE_FAMILY,FOR_SALE,Centennial,36.323185,-115.29784,2026-02-22
900000.0,4,4.0,3093.0,SINGLE_FAMILY,FOR_SALE,Centennial,36.320038,-115.317375,2026-02-22
930000.0,4,4.0,3146.0,SINGLE_FAMILY,FOR_SALE,Centennial,36.32041,-115.31819,2026-02-23
549999.0,3,2.0,1741.0,SINGLE_FAMILY,FOR_SALE,Centennial,36.294388,-115.33617,2026-02-09
640000.0,3,3.0,2153.0,SINGLE_FAMILY,FOR_SALE,Centennial,36.29439,-115.33444,2026-02-23
854990.0,4,3.0,2779.0,SINGLE_FAMILY,FOR_SALE,Centennial,36.256863,-115.317276,2026-02-17
1850000.0,3,3.0,2722.0,SINGLE_FAMILY,FOR_SALE,Summerlin,36.18708,-115.36378,2026-02-16
489500.0,3,3.0,1764.0,SINGLE_FAMILY,FOR_SALE,Spring Valley,36.083652,-115.2503,2026-02-11
465000.0,2,2.0,1553.0,TOWNHOUSE,FOR_SALE,Centennial,36.335293,-115.31426,2026-02-23
670000.0,3,3.0,2020.0,SINGLE_FAMILY,FOR_SALE,Centennial,36.331467,-115.302956,2026-02-19
525000.0,3,3.0,1941.0,SINGLE_FAMILY,FOR_SALE,Centennial,36.317223,-115.32224,2026-02-19
570000.0,4,3.0,2022.0,SINGLE_FAMILY,FOR_SALE,Centennial,36.28346,-115.33596,2026-02-22
675000.0,4,3.0,2470.0,SINGLE_FAMILY,FOR_SALE,Paradise,36.12029,-115.1131,2026-02-14
830000.0,3,3.0,2363.0,SINGLE_FAMILY,FOR_SALE,Centennial,36.3177,-115.3195,2026-02-17
544900.0,2,2.0,1232.0,SINGLE_FAMILY,FOR_SALE,Summerlin,36.159897,-115.37787,2026-02-17
342888.0,3,2.0,1376.0,TOWNHOUSE,FOR_SALE,Enterprise,35.9663,-115.17817,2026-02-15
775000.0,5,4.0,3183.0,SINGLE_FAMILY,FOR_SALE,Centennial,36.282784,-115.33395,2026-02-17
800000.0,4,4.0,2634.0,SINGLE_FAMILY,FOR_SALE,Centennial,36.279716,-115.33722,2026-02-09
1095000.0,4,3.0,2136.0,SINGLE_FAMILY,FOR_SALE,Summerlin,36.20489,-115.34903,2026-02-11
925000.0,3,3.0,1953.0,SINGLE_FAMILY,FOR_SALE,Summerlin,36.189774,-115.35889,2026-02-14
619900.0,2,4.0,1898.0,SINGLE_FAMILY,FOR_SALE,Summerlin,36.189198,-115.34739,2026-02-23
2149900.0,4,5.0,3254.0,SINGLE_FAMILY,FOR_SALE,Summerlin,36.188236,-115.3636,2026-02-15
1299000.0,3,3.0,2379.0,SINGLE_FAMILY,FOR_SALE,Summerlin,36.187943,-115.35853,2026-02-21
1375000.0,4,4.0,2563.0,SINGLE_FAMILY,FOR_SALE,Summerlin,36.185497,-115.3612,2026-02-17
525000.0,4,3.0,2118.0,SINGLE_FAMILY,FOR_SALE,Spring Valley,36.082638,-115.25147,2026-02-16
698800.0,5,5.0,3088.0,SINGLE_FAMILY,FOR_SALE,Mountains Edge,36.028748,-115.24406,2026-02-21
539900.0,5,4.0,2466.0,SINGLE_FAMILY,FOR_SALE,Centennial,36.328564,-115.318245,2026-02-09
485000.0,3,3.0,2042.0,SINGLE_FAMILY,FOR_SALE,Downtown Las Vegas,36.19401,-115.18813,2026-02-14
445000.0,4,2.0,1599.0,SINGLE_FAMILY,FOR_SALE,Summerlin,36.16071,-115.25694,2026-02-09
1079999.0,4,4.0,3585.0,SINGLE_FAMILY,FOR_SALE,Centennial,36.263073,-115.28566,2026-02-20
625000.0,3,4.0,2873.0,SINGLE_FAMILY,FOR_SALE,Spring Valley,36.086487,-115.25479,2026-02-11
1400000.0,5,4.0,4097.0,SINGLE_FAMILY,FOR_SALE,Enterprise,36.002174,-115.15989,2026-02-07
423000.0,4,3.0,2310.0,SINGLE_FAMILY,FOR_SALE,Centennial,36.30684,-115.27517,2026-02-17
849000.0,5,4.0,3037.0,SINGLE_FAMILY,FOR_SALE,Mountains Edge,35.985428,-115.257324,2026-02-16
635000.0,3,3.0,2346.0,SINGLE_FAMILY,FOR_SALE,Mountains Edge,35.98672,-115.25368,2026-02-20
180000.0,2,2.0,1049.0,CONDO,FOR_SALE,Winchester,36.196995,-115.01563,2026-02-11
230000.0,1,1.0,786.0,CONDO,FOR_SALE,Enterprise,36.02368,-115.16995,2026-02-20
999999.0,4,3.0,3005.0,SINGLE_FAMILY,FOR_SALE,Centennial,36.26427,-115.30309,2026-02-09
1400000.0,4,4.0,4210.0,SINGLE_FAMILY,FOR_SALE,Centennial,36.266655,-115.31474,2026-02-23
1295000.0,5,4.0,2759.0,SINGLE_FAMILY,FOR_SALE,Summerlin,36.18483,-115.35175,2026-02-09
874998.0,4,3.0,2593.0,SINGLE_FAMILY,FOR_SALE,Centennial,36.328407,-115.32018,2026-02-14
589999.0,5,4.0,2907.0,SINGLE_FAMILY,FOR_SALE,Downtown Las Vegas,36.195248,-115.19003,2026-02-07
3350000.0,4,5.0,3745.0,SINGLE_FAMILY,FOR_SALE,Summerlin,36.100357,-115.33256,2026-02-07
2449999.0,4,5.0,3418.0,SINGLE_FAMILY,FOR_SALE,Summerlin,36.09695,-115.33106,2026-02-22
279990.0,2,2.0,1198.0,CONDO,FOR_SALE,Enterprise,36.02368,-115.16995,2026-02-11
889580.0,4,3.0,2745.0,SINGLE_FAMILY,FOR_SALE,Centennial,36.333412,-115.32262,2026-02-07
790000.0,5,5.0,3498.0,SINGLE_FAMILY,FOR_SALE,Centennial,36.31335,-115.31078,2026-02-11
332000.0,2,2.0,1058.0,CONDO,FOR_SALE,Summerlin,36.16526,-115.26464,2026-02-14
1450000.0,6,7.0,3838.0,SINGLE_FAMILY,FOR_SALE,Centennial,36.258896,-115.28575,2026-02-14
180000.0,2,1.0,844.0,TOWNHOUSE,FOR_SALE,Downtown Las Vegas,36.2024,-115.21976,2026-02-19
610308.0,3,3.0,2191.0,SINGLE_FAMILY,FOR_SALE,Paradise,36.123447,-115.114494,2026-02-22
950000.0,8,3.0,5000.0,SINGLE_FAMILY,FOR_SALE,Downtown Las Vegas,36.15955,-115.13486,2026-02-23
320000.0,3,2.0,1348.0,SINGLE_FAMILY,FOR_SALE,Green Valley,36.09869,-115.02677,2026-02-21
319000.0,3,2.0,1183.0,SINGLE_FAMILY,FOR_SALE,Green Valley,36.09908,-115.026085,2026-02-19
325000.0,3,3.0,1540.0,SINGLE_FAMILY,FOR_SALE,Green Valley,36.097828,-115.02609,2026-02-23
429900.0,3,2.0,1602.0,SINGLE_FAMILY,FOR_SALE,Spring Valley,36.080368,-115.24843,2026-02-20
2600000.0,4,5.0,4423.0,SINGLE_FAMILY,FOR_SALE,Summerlin,36.13928,-115.34565,2026-02-07
685000.0,5,3.0,3314.0,SINGLE_FAMILY,FOR_SALE,Mountains Edge,36.04834,-115.240585,2026-02-23
695000.0,4,3.0,2842.0,SINGLE_FAMILY,FOR_SALE,Mountains Edge,36.045063,-115.24043,2026-02-20
490000.0,3,3.0,1520.0,SINGLE_FAMILY,FOR_SALE,Enterprise,36.003666,-115.14328,2026-02-09
789000.0,5,3.0,3072.0,SINGLE_FAMILY,FOR_SALE,Centennial,36.31405,-115.279686,2026-02-22
515000.0,3,2.0,2340.0,SINGLE_FAMILY,FOR_SALE,Centennial,36.299255,-115.276405,2026-02-15
430000.0,3,2.0,1244.0,SINGLE_FAMILY,FOR_SALE,Summerlin,36.176575,-115.33708,2026-02-22
360000.0,3,2.0,1426.0,SINGLE_FAMILY,FOR_SALE,Winchester,36.209164,-115.04159,2026-02-19
810000.0,4,3.0,3681.0,SINGLE_FAMILY,FOR_SALE,Centennial,36.324696,-115.28848,2026-02-19
599000.0,4,2.0,2376.0,SINGLE_FAMILY,FOR_SALE,Centennial,36.31362,-115.27416,2026-02-22
470000.0,4,3.0,2225.0,SINGLE_FAMILY,FOR_SALE,Centennial,36.299435,-115.213326,2026-02-23
509900.0,3,2.0,1800.0,SINGLE_FAMILY,FOR_SALE,Centennial,36.294956,-115.21209,2026-02-23
639000.0,5,4.0,3375.0,SINGLE_FAMILY,FOR_SALE,Centennial,36.304928,-115.267136,2026-02-23
645000.0,4,3.0,2523.0,SINGLE_FAMILY,FOR_SALE,Centennial,36.270206,-115.22044,2026-02-19
440000.0,3,2.0,1593.0,SINGLE_FAMILY,FOR_SALE,North Las Vegas,36.265198,-115.212296,2026-02-22
625000.0,3,3.0,2810.0,SINGLE_FAMILY,FOR_SALE,Centennial,36.26757,-115.23955,2026-02-20
435000.0,2,2.0,1364.0,SINGLE_FAMILY,FOR_SALE,Summerlin,36.180836,-115.339195,2026-02-19
265000.0,2,3.0,1260.0,TOWNHOUSE,FOR_SALE,Summerlin,36.187767,-115.27825,2026-02-20
445000.0,4,3.0,1868.0,SINGLE_FAMILY,FOR_SALE,Downtown Las Vegas,36.19692,-115.16461,2026-02-11
445000.0,3,2.0,1622.0,SINGLE_FAMILY,FOR_SALE,Winchester,36.124172,-115.04349,2026-02-14
739900.0,5,4.0,3717.0,SINGLE_FAMILY,FOR_SALE,Spring Valley,36.13592,-115.267784,2026-02-23
479000.0,4,3.0,2582.0,SINGLE_FAMILY,FOR_SALE,Summerlin,36.120647,-115.28577,2026-02-23
484999.0,4,3.0,2053.0,SINGLE_FAMILY,FOR_SALE,Summerlin,36.10509,-115.31314,2026-02-09
435000.0,3,2.0,1424.0,TOWNHOUSE,FOR_SALE,Summerlin,36.105137,-115.30585,2026-02-23
525000.0,3,3.0,2443.0,SINGLE_FAMILY,FOR_SALE,Mountains Edge,36.091656,-115.30756,2026-02-14
390000.0,3,2.0,1396.0,SINGLE_FAMILY,FOR_SALE,Mountains Edge,36.091236,-115.30529,2026-02-15
665000.0,4,2.0,1899.0,SINGLE_FAMILY,FOR_SALE,Summerlin,36.141056,-115.33358,2026-02-11
3500000.0,4,5.0,4899.0,SINGLE_FAMILY,FOR_SALE,Summerlin,36.139725,-115.340454,2026-02-22
800000.0,3,3.0,2313.0,SINGLE_FAMILY,FOR_SALE,Summerlin,36.130356,-115.325066,2026-02-11
775000.0,3,2.0,2297.0,SINGLE_FAMILY,FOR_SALE,Mountains Edge,36.050083,-115.2906,2026-02-11
949987.0,4,4.0,3976.0,SINGLE_FAMILY,FOR_SALE,Enterprise,35.993435,-115.21305,2026-02-22
639000.0,3,3.0,2462.0,SINGLE_FAMILY,FOR_SALE,Enterprise,36.035248,-115.14648,2026-02-23
329900.0,2,2.0,1473.0,SINGLE_FAMILY,FOR_SALE,Enterprise,36.026493,-115.17983,2026-02-19
650000.0,4,4.0,2523.0,SINGLE_FAMILY,FOR_SALE,Enterprise,36.021614,-115.144646,2026-02-23
399990.0,3,3.0,1508.0,SINGLE_FAMILY,FOR_SALE,Anthem,36.00137,-115.130394,2026-02-09
345000.0,3,3.0,1510.0,TOWNHOUSE,FOR_SALE,Enterprise,36.005054,-115.152695,2026-02-22
265000.0,2,2.0,961.0,SINGLE_FAMILY,FOR_SALE,Enterprise,36.009583,-115.138084,2026-02-23
299777.0,2,2.0,961.0,SINGLE_FAMILY,FOR_SALE,Enterprise,36.008873,-115.13819,2026-02-15
325000.0,2,2.0,961.0,SINGLE_FAMILY,FOR_SALE,Enterprise,36.007084,-115.13786,2026-02-16
2000000.0,6,6.0,5456.0,SINGLE_FAMILY,FOR_SALE,Green Valley,36.066727,-115.09927,2026-02-09
625000.0,5,3.0,3085.0,SINGLE_FAMILY,FOR_SALE,Centennial,36.296326,-115.21332,2026-02-23
519000.0,4,4.0,2613.0,SINGLE_FAMILY,FOR_SALE,Centennial,36.296528,-115.21924,2026-02-22
429900.0,3,3.0,1659.0,SINGLE_FAMILY,FOR_SALE,Enterprise,35.987347,-115.186104,2026-02-21
664900.0,6,3.0,3004.0,SINGLE_FAMILY,FOR_SALE,Enterprise,35.99575,-115.22069,2026-02-07
2990000.0,4,4.0,3217.0,SINGLE_FAMILY,FOR_SALE,Summerlin,36.110462,-115.31876,2026-02-21
380000.0,3,2.0,1594.0,SINGLE_FAMILY,FOR_SALE,Centennial,36.3006,-115.21275,2026-02-20
1250000.0,4,4.0,3341.0,SINGLE_FAMILY,FOR_SALE,Summerlin,36.168663,-115.29855,2026-02-15
2350000.0,5,5.0,4016.0,SINGLE_FAMILY,FOR_SALE,Summerlin,36.134403,-115.32698,2026-02-19
1700000.0,4,5.0,4308.0,SINGLE_FAMILY,FOR_SALE,Summerlin,36.134407,-115.32615,2026-02-21
515000.0,3,3.0,2005.0,SINGLE_FAMILY,FOR_SALE,Mountains Edge,36.052864,-115.28385,2026-02-14
488000.0,3,2.0,1564.0,SINGLE_FAMILY,FOR_SALE,Mountains Edge,36.052895,-115.28269,2026-02-09
310000.0,2,2.0,1198.0,CONDO,FOR_SALE,Enterprise,36.024284,-115.16823,2026-02-11
575000.0,3,3.0,1944.0,SINGLE_FAMILY,FOR_SALE,Summerlin,36.228287,-115.31761,2026-02-07
418000.0,3,2.0,1564.0,SINGLE_FAMILY,FOR_SALE,Summerlin,36.235188,-115.32348,2026-02-22
629999.0,3,2.0,1803.0,SINGLE_FAMILY,FOR_SALE,Summerlin,36.121544,-115.33401,2026-02-09
515000.0,3,3.0,1684.0,SINGLE_FAMILY,FOR_SALE,Centennial,36.299995,-115.20837,2026-02-11
680000.0,5,3.0,3034.0,SINGLE_FAMILY,FOR_SALE,Mountains Edge,36.094936,-115.301674,2026-02-22
1250000.0,3,3.0,2476.0,SINGLE_FAMILY,FOR_SALE,Summerlin,36.125835,-115.33771,2026-02-16
235000.0,2,2.0,868.0,SINGLE_FAMILY,FOR_SALE,Winchester,36.20136,-115.06095,2026-02-23
725000.0,3,4.0,3330.0,SINGLE_FAMILY,FOR_SALE,Centennial,36.311405,-115.27103,2026-02-17
350000.0,3,3.0,1770.0,SINGLE_FAMILY,FOR_SALE,Mountains Edge,36.060364,-115.29581,2026-02-14
459900.0,3,3.0,1854.0,SINGLE_FAMILY,FOR_SALE,Summerlin,36.226704,-115.331314,2026-02-23
625000.0,4,3.0,2207.0,SINGLE_FAMILY,FOR_SALE,Summerlin,36.239532,-115.32588,2026-02-20
549900.0,4,3.0,3168.0,SINGLE_FAMILY,FOR_SALE,Winchester,36.179527,-115.02747,2026-02-20
397500.0,2,2.0,1305.0,TOWNHOUSE,FOR_SALE,Mountains Edge,36.097206,-115.302124,2026-02-11
485000.0,3,2.0,1656.0,SINGLE_FAMILY,FOR_SALE,Mountains Edge,36.079903,-115.30437,2026-02-22
289900.0,3,3.0,1188.0,SINGLE_FAMILY,FOR_SALE,Winchester,36.201157,-115.05883,2026-02-22
360000.0,3,3.0,1380.0,SINGLE_FAMILY,FOR_SALE,Summerlin,36.22748,-115.32369,2026-02-09
799999.0,4,4.0,3368.0,SINGLE_FAMILY,FOR_SALE,Centennial,36.27783,-115.213875,2026-02-11
700000.0,3,3.0,3072.0,SINGLE_FAMILY,FOR_SALE,Centennial,36.27282,-115.22803,2026-02-19
884999.0,3,3.0,3077.0,SINGLE_FAMILY,FOR_SALE,Centennial,36.275684,-115.323784,2026-02-17
289000.0,2,2.0,1110.0,CONDO,FOR_SALE,Summerlin,36.23028,-115.31765,2026-02-19
440000.0,3,2.0,2018.0,SINGLE_FAMILY,FOR_SALE,Winchester,36.125748,-115.04381,2026-02-20
669500.0,4,3.0,2406.0,SINGLE_FAMILY,FOR_SALE,Summerlin,36.122055,-115.33348,2026-02-21
424999.0,2,2.0,1771.0,CONDO,FOR_SALE,Summerlin,36.12548,-115.329605,2026-02-20
1049000.0,3,3.0,2693.0,SINGLE_FAMILY,FOR_SALE,Summerlin,36.12378,-115.31551,2026-02-15
410000.0,3,3.0,1846.0,SINGLE_FAMILY,FOR_SALE,Mountains Edge,36.005726,-115.23171,2026-02-19
489000.0,3,2.0,1424.0,TOWNHOUSE,FOR_SALE,Summerlin,36.177902,-115.34186,2026-02-22
379900.0,3,3.0,1476.0,SINGLE_FAMILY,FOR_SALE,Enterprise,36.045307,-115.22305,2026-02-09
375000.0,3,3.0,1478.0,SINGLE_FAMILY,FOR_SALE,Enterprise,35.99736,-115.14036,2026-02-15
400000.0,4,3.0,1764.0,SINGLE_FAMILY,FOR_SALE,Centennial,36.306984,-115.288795,2026-02-17
1699876.0,3,3.0,2777.0,SINGLE_FAMILY,FOR_SALE,Summerlin,36.09809,-115.319855,2026-02-22
399990.0,3,2.0,1323.0,SINGLE_FAMILY,FOR_SALE,Green Valley,36.04985,-115.121796,2026-02-11
324900.0,3,2.0,1072.0,SINGLE_FAMILY,FOR_SALE,Downtown Las Vegas,36.200035,-115.15882,2026-02-23
470000.0,4,3.0,2055.0,SINGLE_FAMILY,FOR_SALE,Green Valley,36.050186,-115.11935,2026-02-23
995000.0,4,4.0,3441.0,SINGLE_FAMILY,FOR_SALE,Centennial,36.29745,-115.24934,2026-02-19
414900.0,4,3.0,2322.0,SINGLE_FAMILY,FOR_SALE,Centennial,36.309242,-115.207596,2026-02-19
365000.0,3,3.0,1358.0,SINGLE_FAMILY,FOR_SALE,Summerlin,36.23148,-115.324875,2026-02-17
525000.0,3,2.0,1607.0,TOWNHOUSE,FOR_SALE,Summerlin,36.17923,-115.34188,2026-02-20
550000.0,4,3.0,2886.0,SINGLE_FAMILY,FOR_SALE,Mountains Edge,36.0495,-115.29489,2026-02-11
380000.0,3,2.0,1274.0,SINGLE_FAMILY,FOR_SALE,Enterprise,36.050636,-115.218216,2026-02-19
385000.0,4,3.0,1748.0,SINGLE_FAMILY,FOR_SALE,Enterprise,35.991444,-115.18803,2026-02-23
695000.0,4,3.0,3361.0,SINGLE_FAMILY,FOR_SALE,Mountains Edge,36.04449,-115.2588,2026-02-14
398000.0,2,2.0,1208.0,SINGLE_FAMILY,FOR_SALE,Mountains Edge,36.064438,-115.30384,2026-02-19
649000.0,3,3.0,1949.0,SINGLE_FAMILY,FOR_SALE,Summerlin,36.147076,-115.325775,2026-02-14
715000.0,4,4.0,3098.0,SINGLE_FAMILY,FOR_SALE,Centennial,36.327908,-115.28996,2026-02-11
440000.0,3,3.0,1853.0,SINGLE_FAMILY,FOR_SALE,Centennial,36.308216,-115.3055,2026-02-15
449500.0,4,3.0,2492.0,SINGLE_FAMILY,FOR_SALE,Centennial,36.31237,-115.21059,2026-02-23
1500000.0,5,6.0,4938.0,SINGLE_FAMILY,FOR_SALE,Centennial,36.29521,-115.2456,2026-02-23
745000.0,4,4.0,3653.0,SINGLE_FAMILY,FOR_SALE,Centennial,36.298286,-115.30269,2026-02-15
750000.0,4,4.0,3529.0,SINGLE_FAMILY,FOR_SALE,Centennial,36.298264,-115.304436,2026-02-22
370000.0,3,3.0,1476.0,SINGLE_FAMILY,FOR_SALE,Summerlin,36.23197,-115.32292,2026-02-19
985000.0,4,3.0,2805.0,SINGLE_FAMILY,FOR_SALE,Summerlin,36.180546,-115.35197,2026-02-20
1324900.0,4,3.0,4144.0,SINGLE_FAMILY,FOR_SALE,Summerlin,36.1764,-115.35048,2026-02-09
543900.0,3,3.0,2078.0,SINGLE_FAMILY,FOR_SALE,Summerlin,36.165714,-115.3526,2026-02-21
849000.0,4,4.0,2703.0,SINGLE_FAMILY,FOR_SALE,Summerlin,36.16363,-115.34538,2026-02-09
1250000.0,4,4.0,4170.0,SINGLE_FAMILY,FOR_SALE,Centennial,36.245632,-115.294846,2026-02-09
569950.0,3,3.0,2188.0,SINGLE_FAMILY,FOR_SALE,Mountains Edge,36.073994,-115.31078,2026-02-19
1299000.0,3,3.0,2325.0,SINGLE_FAMILY,FOR_SALE,Summerlin,36.12814,-115.34495,2026-02-11
700000.0,2,3.0,2100.0,SINGLE_FAMILY,FOR_SALE,Mountains Edge,36.095947,-115.32466,2026-02-07
369900.0,3,3.0,1592.0,SINGLE_FAMILY,FOR_SALE,Enterprise,36.05433,-115.23764,2026-02-07
368000.0,3,3.0,1592.0,SINGLE_FAMILY,FOR_SALE,Enterprise,36.053417,-115.23491,2026-02-20
340000.0,2,3.0,1149.0,SINGLE_FAMILY,FOR_SALE,Enterprise,36.054054,-115.23897,2026-02-23
370000.0,3,2.0,1151.0,SINGLE_FAMILY,FOR_SALE,Enterprise,35.98912,-115.181564,2026-02-11
399000.0,3,3.0,1541.0,SINGLE_FAMILY,FOR_SALE,Centennial,36.304264,-115.30344,2026-02-09
990000.0,4,3.0,2763.0,SINGLE_FAMILY,FOR_SALE,Summerlin,36.162846,-115.34277,2026-02-21
1199000.0,3,3.0,3073.0,SINGLE_FAMILY,FOR_SALE,Enterprise,35.99612,-115.21075,2026-02-23
369000.0,3,3.0,1480.0,SINGLE_FAMILY,FOR_SALE,Enterprise,35.97188,-115.167305,2026-02-23
598000.0,5,4.0,2300.0,SINGLE_FAMILY,FOR_SALE,Enterprise,35.981026,-115.18595,2026-02-23
349900.0,3,3.0,1437.0,SINGLE_FAMILY,FOR_SALE,Mountains Edge,36.073555,-115.30994,2026-02-21
555000.0,4,3.0,2251.0,SINGLE_FAMILY,FOR_SALE,Mountains Edge,36.04159,-115.293144,2026-02-16
289999.0,3,2.0,1513.0,SINGLE_FAMILY,FOR_SALE,Winchester,36.16131,-115.112976,2026-02-20
965000.0,5,4.0,3137.0,SINGLE_FAMILY,FOR_SALE,Summerlin,36.164032,-115.34792,2026-02-23
1650000.0,4,4.0,3217.0,SINGLE_FAMILY,FOR_SALE,Mountains Edge,36.09345,-115.32188,2026-02-14
485000.0,4,3.0,2291.0,SINGLE_FAMILY,FOR_SALE,Enterprise,36.03427,-115.22693,2026-02-15
735000.0,4,4.0,3847.0,SINGLE_FAMILY,FOR_SALE,Centennial,36.27148,-115.225464,2026-02-07
1499900.0,5,6.0,4792.0,SINGLE_FAMILY,FOR_SALE,Enterprise,35.995293,-115.21257,2026-02-23
499999.0,3,2.0,1894.0,SINGLE_FAMILY,FOR_SALE,Centennial,36.320988,-115.249344,2026-02-17
475000.0,3,3.0,1829.0,SINGLE_FAMILY,FOR_SALE,Mountains Edge,36.043247,-115.29581,2026-02-17
219500.0,2,2.0,969.0,CONDO,FOR_SALE,Downtown Las Vegas,36.19682,-115.195854,2026-02-23
210000.0,2,2.0,978.0,CONDO,FOR_SALE,Spring Valley,36.10837,-115.21489,2026-02-17
949000.0,4,4.0,3897.0,SINGLE_FAMILY,FOR_SALE,Mountains Edge,36.04565,-115.246826,2026-02-09
434999.0,3,3.0,1855.0,SINGLE_FAMILY,FOR_SALE,Enterprise,36.03903,-115.23776,2026-02-14
509000.0,5,3.0,2404.0,SINGLE_FAMILY,FOR_SALE,Mountains Edge,36.01619,-115.28537,2026-02-21
1275000.0,5,6.0,4821.0,SINGLE_FAMILY,FOR_SALE,Enterprise,35.99463,-115.21078,2026-02-09
28000000.0,5,8.0,12720.0,SINGLE_FAMILY,FOR_SALE,Summerlin,36.137432,-115.287285,2026-02-23
950000.0,3,3.0,2172.0,SINGLE_FAMILY,FOR_SALE,Enterprise,35.975677,-115.18482,2026-02-22
219999.0,2,2.0,1104.0,TOWNHOUSE,FOR_SALE,Spring Valley,36.172626,-115.23168,2026-02-15
165000.0,2,2.0,937.0,CONDO,FOR_SALE,Winchester,36.196682,-115.02349,2026-02-14
175000.0,2,2.0,931.0,CONDO,FOR_SALE,Winchester,36.19648,-115.025085,2026-02-11
249990.0,2,2.0,934.0,CONDO,FOR_SALE,Spring Valley,36.112564,-115.26377,2026-02-14
188000.0,2,2.0,920.0,CONDO,FOR_SALE,Spring Valley,36.09537,-115.22334,2026-02-19
729900.0,5,3.0,2823.0,SINGLE_FAMILY,FOR_SALE,Centennial,36.317364,-115.25637,2026-02-09
1150000.0,4,5.0,4276.0,SINGLE_FAMILY,FOR_SALE,Centennial,36.23865,-115.28057,2026-02-16
760000.0,4,3.0,2648.0,SINGLE_FAMILY,FOR_SALE,Summerlin,36.16294,-115.35731,2026-02-16
1149999.0,5,4.0,5160.0,SINGLE_FAMILY,FOR_SALE,Enterprise,36.04828,-115.23019,2026-02-09
349900.0,3,3.0,1362.0,SINGLE_FAMILY,FOR_SALE,Green Valley,36.08792,-115.024475,2026-02-15
574000.0,4,2.0,2200.0,SINGLE_FAMILY,FOR_SALE,Mountains Edge,36.09534,-115.28139,2026-02-23
699000.0,6,4.0,4234.0,SINGLE_FAMILY,FOR_SALE,Centennial,36.324333,-115.22352,2026-02-07
300000.0,3,3.0,1389.0,CONDO,FOR_SALE,Centennial,36.301502,-115.30051,2026-02-21
565000.0,5,3.0,3758.0,SINGLE_FAMILY,FOR_SALE,Centennial,36.31998,-115.22244,2026-02-21
1400000.0,6,6.0,5431.0,SINGLE_FAMILY,FOR_SALE,Centennial,36.296604,-115.23271,2026-02-17
740000.0,4,5.0,3487.0,SINGLE_FAMILY,FOR_SALE,Centennial,36.304043,-115.314316,2026-02-16
484999.0,4,3.0,1776.0,SINGLE_FAMILY,FOR_SALE,Centennial,36.304626,-115.308426,2026-02-16
360000.0,2,3.0,1201.0,SINGLE_FAMILY,FOR_SALE,Summerlin,36.235275,-115.32979,2026-02-21
379900.0,4,3.0,1739.0,TOWNHOUSE,FOR_SALE,Mountains Edge,36.07287,-115.30793,2026-02-21
355000.0,3,3.0,1447.0,TOWNHOUSE,FOR_SALE,Enterprise,36.059586,-115.227325,2026-02-11
279999.0,2,2.0,1116.0,CONDO,FOR_SALE,Mountains Edge,36.05283,-115.25844,2026-02-19
399900.0,3,3.0,1502.0,SINGLE_FAMILY,FOR_SALE,Mountains Edge,36.053474,-115.25074,2026-02-11
399999.0,3,3.0,1395.0,SINGLE_FAMILY,FOR_SALE,Enterprise,36.054115,-115.21021,2026-02-20
279999.0,2,2.0,1155.0,CONDO,FOR_SALE,Enterprise,36.02434,-115.17055,2026-02-15
899900.0,6,5.0,4502.0,SINGLE_FAMILY,FOR_SALE,Enterprise,35.980156,-115.185135,2026-02-11
295000.0,2,1.0,1117.0,CONDO,FOR_SALE,Summerlin,36.10652,-115.31087,2026-02-09
635000.0,3,3.0,1873.0,SINGLE_FAMILY,FOR_SALE,Summerlin,36.146336,-115.34003,2026-02-17
419000.0,3,3.0,1935.0,SINGLE_FAMILY,FOR_SALE,Mountains Edge,36.024033,-115.29271,2026-02-11
350000.0,2,3.0,1269.0,SINGLE_FAMILY,FOR_SALE,Anthem,35.99954,-115.13031,2026-02-09
135000.0,1,1.0,720.0,CONDO,FOR_SALE,Summerlin,36.204834,-115.243454,2026-02-21
245000.0,3,2.0,1237.0,CONDO,FOR_SALE,Summerlin,36.20691,-115.243195,2026-02-21
199950.0,1,1.0,897.0,CONDO,FOR_SALE,The Strip,36.137,-115.14851,2026-02-07
169500.0,1,1.0,793.0,CONDO,FOR_SALE,Downtown Las Vegas,36.137753,-115.14752,2026-02-21
225000.0,1,1.0,793.0,CONDO,FOR_SALE,Downtown Las Vegas,36.137787,-115.14845,2026-02-22
242000.0,1,1.0,692.0,CONDO,FOR_SALE,The Strip,36.11692,-115.16349,2026-02-11
315000.0,2,2.0,974.0,CONDO,FOR_SALE,The Strip,36.116096,-115.161385,2026-02-21
255000.0,2,2.0,1046.0,CONDO,FOR_SALE,Mountains Edge,36.069466,-115.250305,2026-02-20
260000.0,2,2.0,1046.0,CONDO,FOR_SALE,Mountains Edge,36.069485,-115.249466,2026-02-21
195000.0,1,1.0,690.0,CONDO,FOR_SALE,Mountains Edge,36.061855,-115.26643,2026-02-19
242000.0,2,2.0,1094.0,CONDO,FOR_SALE,Centennial,36.310665,-115.30167,2026-02-14
249500.0,2,2.0,1094.0,CONDO,FOR_SALE,Centennial,36.311207,-115.30312,2026-02-14
205000.0,1,1.0,869.0,CONDO,FOR_SALE,Downtown Las Vegas,36.137787,-115.14845,2026-02-20
830000.0,4,4.0,3091.0,SINGLE_FAMILY,FOR_SALE,Centennial,36.31233,-115.25034,2026-02-07
379999.0,3,3.0,1395.0,SINGLE_FAMILY,FOR_SALE,Enterprise,36.053,-115.20932,2026-02-23
615000.0,4,3.0,2730.0,SINGLE_FAMILY,FOR_SALE,Enterprise,35.995193,-115.14606,2026-02-11
649900.0,4,4.0,3091.0,SINGLE_FAMILY,FOR_SALE,Centennial,36.313694,-115.248024,2026-02-09
435000.0,2,2.0,1532.0,CONDO,FOR_SALE,Summerlin,36.161617,-115.35414,2026-02-15
726000.0,4,4.0,2778.0,SINGLE_FAMILY,FOR_SALE,Mountains Edge,36.004044,-115.29134,2026-02-19
309000.0,3,2.0,1239.0,CONDO,FOR_SALE,Green Valley,36.029522,-115.12095,2026-02-20
400000.0,3,3.0,1649.0,SINGLE_FAMILY,FOR_SALE,Enterprise,36.050896,-115.215775,2026-02-22
335000.0,2,2.0,1002.0,TOWNHOUSE,FOR_SALE,Enterprise,35.999916,-115.21627,2026-02-22
445000.0,3,3.0,1796.0,SINGLE_FAMILY,FOR_SALE,Enterprise,36.001057,-115.21005,2026-02-16
234900.0,3,2.0,1109.0,CONDO,FOR_SALE,Summerlin,36.217182,-115.27727,2026-02-22
235000.0,2,2.0,1034.0,CONDO,FOR_SALE,Spring Valley,36.0932,-115.241776,2026-02-17
289900.0,2,2.0,1034.0,CONDO,FOR_SALE,Spring Valley,36.093353,-115.24124,2026-02-23
289900.0,3,2.0,1131.0,CONDO,FOR_SALE,Spring Valley,36.093803,-115.24094,2026-02-23
279900.0,3,2.0,1131.0,CONDO,FOR_SALE,Spring Valley,36.092815,-115.23898,2026-02-09
289900.0,2,2.0,1053.0,CONDO,FOR_SALE,Summerlin,36.146255,-115.29512,2026-02-07
650000.0,5,3.0,3790.0,SINGLE_FAMILY,FOR_SALE,Mountains Edge,35.985165,-115.24619,2026-02-22
699000.0,4,4.0,4063.0,SINGLE_FAMILY,FOR_SALE,Enterprise,36.03646,-115.20125,2026-02-22
680000.0,3,3.0,2440.0,SINGLE_FAMILY,FOR_SALE,Summerlin,36.16038,-115.34894,2026-02-14
2280000.0,5,5.0,6080.0,SINGLE_FAMILY,FOR_SALE,Mountains Edge,36.096237,-115.28238,2026-02-09
9990000.0,6,9.0,11861.0,SINGLE_FAMILY,FOR_SALE,Enterprise,35.97311,-115.19924,2026-02-23
1499000.0,5,5.0,5440.0,SINGLE_FAMILY,FOR_SALE,Enterprise,35.985996,-115.1909,2026-02-22
419998.0,4,3.0,2222.0,SINGLE_FAMILY,FOR_SALE,Centennial,36.29696,-115.292496,2026-02-22
1080000.0,4,4.0,3387.0,SINGLE_FAMILY,FOR_SALE,Summerlin,36.160934,-115.36284,2026-02-23
1199999.0,5,4.0,5266.0,SINGLE_FAMILY,FOR_SALE,Enterprise,35.98867,-115.19801,2026-02-15
428000.0,3,3.0,2000.0,SINGLE_FAMILY,FOR_SALE,Mountains Edge,36.03847,-115.30383,2026-02-23
499900.0,3,3.0,2032.0,SINGLE_FAMILY,FOR_SALE,Mountains Edge,36.016468,-115.264946,2026-02-22
889000.0,4,3.0,2706.0,SINGLE_FAMILY,FOR_SALE,Mountains Edge,36.008,-115.27733,2026-02-09
420000.0,3,3.0,1732.0,SINGLE_FAMILY,FOR_SALE,Mountains Edge,36.034927,-115.30271,2026-02-21
425000.0,4,3.0,1845.0,SINGLE_FAMILY,FOR_SALE,Mountains Edge,36.022427,-115.29182,2026-02-07
459999.0,3,3.0,1711.0,SINGLE_FAMILY,FOR_SALE,Mountains Edge,36.022346,-115.28718,2026-02-17
439999.0,4,3.0,1814.0,SINGLE_FAMILY,FOR_SALE,Mountains Edge,35.99816,-115.293,2026-02-14
750000.0,5,3.0,3790.0,SINGLE_FAMILY,FOR_SALE,Mountains Edge,35.985664,-115.2476,2026-02-23
499999.0,4,3.0,2056.0,SINGLE_FAMILY,FOR_SALE,Centennial,36.278423,-115.29928,2026-02-07
299000.0,2,2.0,1157.0,SINGLE_FAMILY,FOR_SALE,Winchester,36.11984,-115.043045,2026-02-23
430000.0,4,3.0,2103.0,SINGLE_FAMILY,FOR_SALE,Mountains Edge,36.02816,-115.28323,2026-02-20
235000.0,3,2.0,1212.0,CONDO,FOR_SALE,Summerlin,36.196236,-115.23737,2026-02-20
179000.0,2,2.0,1050.0,CONDO,FOR_SALE,Paradise,36.119797,-115.13415,2026-02-23
155000.0,1,1.0,724.0,CONDO,FOR_SALE,Paradise,36.119034,-115.13446,2026-02-14
500000.0,4,3.0,2405.0,SINGLE_FAMILY,FOR_SALE,Centennial,36.30954,-115.28601,2026-02-23
894000.0,4,3.0,3045.0,SINGLE_FAMILY,FOR_SALE,Centennial,36.29751,-115.25222,2026-02-16
759900.0,4,3.0,2958.0,SINGLE_FAMILY,FOR_SALE,Centennial,36.29507,-115.259094,2026-02-19
749900.0,4,3.0,3676.0,SINGLE_FAMILY,FOR_SALE,Centennial,36.29227,-115.25671,2026-02-17
335000.0,3,2.0,1213.0,SINGLE_FAMILY,FOR_SALE,Centennial,36.29705,-115.2762,2026-02-11
420000.0,4,3.0,1988.0,SINGLE_FAMILY,FOR_SALE,Centennial,36.295914,-115.27654,2026-02-16
539900.0,3,3.0,2494.0,SINGLE_FAMILY,FOR_SALE,Centennial,36.297447,-115.27389,2026-02-11
460000.0,3,2.0,1809.0,SINGLE_FAMILY,FOR_SALE,Centennial,36.294376,-115.27801,2026-02-09
495000.0,4,3.0,2072.0,SINGLE_FAMILY,FOR_SALE,Centennial,36.29838,-115.264,2026-02-23
455000.0,3,3.0,2004.0,SINGLE_FAMILY,FOR_SALE,Centennial,36.29274,-115.266365,2026-02-19
730000.0,5,3.0,3107.0,SINGLE_FAMILY,FOR_SALE,Centennial,36.284286,-115.275475,2026-02-09
640000.0,5,3.0,3165.0,SINGLE_FAMILY,FOR_SALE,Centennial,36.28116,-115.2783,2026-02-19
1249000.0,5,5.0,4847.0,SINGLE_FAMILY,FOR_SALE,Centennial,36.290195,-115.25334,2026-02-07
500000.0,3,2.0,1905.0,SINGLE_FAMILY,FOR_SALE,Centennial,36.281063,-115.24859,2026-02-17
395000.0,3,2.0,1368.0,SINGLE_FAMILY,FOR_SALE,Centennial,36.267086,-115.21984,2026-02-19
399900.0,3,3.0,1630.0,SINGLE_FAMILY,FOR_SALE,Centennial,36.272808,-115.21282,2026-02-17
450000.0,3,3.0,1870.0,SINGLE_FAMILY,FOR_SALE,North Las Vegas,36.266605,-115.21418,2026-02-23
425000.0,4,3.0,2086.0,SINGLE_FAMILY,FOR_SALE,Centennial,36.267498,-115.21508,2026-02-19
488700.0,3,3.0,2296.0,SINGLE_FAMILY,FOR_SALE,North Las Vegas,36.262733,-115.21561,2026-02-22
470000.0,4,3.0,1570.0,SINGLE_FAMILY,FOR_SALE,Centennial,36.270924,-115.25934,2026-02-15
760000.0,4,4.0,2965.0,SINGLE_FAMILY,FOR_SALE,Centennial,36.27098,-115.24552,2026-02-17
850000.0,4,2.0,2415.0,SINGLE_FAMILY,FOR_SALE,Centennial,36.2681,-115.27512,2026-02-09
598000.0,3,2.0,2105.0,SINGLE_FAMILY,FOR_SALE,Centennial,36.26371,-115.27153,2026-02-15
550000.0,3,2.0,2105.0,SINGLE_FAMILY,FOR_SALE,Centennial,36.265972,-115.27298,2026-02-23
474999.0,4,3.0,1946.0,SINGLE_FAMILY,FOR_SALE,Centennial,36.265945,-115.261,2026-02-23
445000.0,4,3.0,1946.0,SINGLE_FAMILY,FOR_SALE,Centennial,36.263905,-115.261444,2026-02-09
689000.0,3,2.0,2134.0,SINGLE_FAMILY,FOR_SALE,Centennial,36.275734,-115.290535,2026-02-20
11995000.0,14,17.0,20384.0,SINGLE_FAMILY,FOR_SALE,Centennial,36.268948,-115.28757,2026-02-22
849999.0,3,3.0,2877.0,SINGLE_FAMILY,FOR_SALE,Centennial,36.25584,-115.30051,2026-02-07
799900.0,5,4.0,3654.0,SINGLE_FAMILY,FOR_SALE,Centennial,36.255356,-115.29475,2026-02-17
775000.0,4,2.0,2820.0,SINGLE_FAMILY,FOR_SALE,Centennial,36.258785,-115.28813,2026-02-11
749000.0,3,3.0,2244.0,SINGLE_FAMILY,FOR_SALE,Centennial,36.259693,-115.262825,2026-02-23
850000.0,3,3.0,2747.0,SINGLE_FAMILY,FOR_SALE,Centennial,36.25328,-115.26298,2026-02-23
840000.0,4,3.0,3098.0,SINGLE_FAMILY,FOR_SALE,Centennial,36.256573,-115.25518,2026-02-17
450000.0,3,2.0,1774.0,SINGLE_FAMILY,FOR_SALE,Centennial,36.26167,-115.24357,2026-02-19
394900.0,3,3.0,1557.0,SINGLE_FAMILY,FOR_SALE,Centennial,36.25856,-115.24581,2026-02-23
454900.0,4,3.0,1938.0,SINGLE_FAMILY,FOR_SALE,Centennial,36.257378,-115.24462,2026-02-22
429000.0,4,2.0,1855.0,SINGLE_FAMILY,FOR_SALE,Centennial,36.25816,-115.2342,2026-02-19
540000.0,4,2.0,1790.0,SINGLE_FAMILY,FOR_SALE,Centennial,36.260464,-115.2266,2026-02-19
599999.0,5,3.0,2722.0,SINGLE_FAMILY,FOR_SALE,Centennial,36.25784,-115.23126,2026-02-20
575000.0,3,2.0,2007.0,SINGLE_FAMILY,FOR_SALE,Centennial,36.26056,-115.21858,2026-02-23
437788.0,2,2.0,1610.0,SINGLE_FAMILY,FOR_SALE,North Las Vegas,36.2482,-115.220314,2026-02-21
430000.0,3,2.0,1587.0,SINGLE_FAMILY,FOR_SALE,North Las Vegas,36.260254,-115.21014,2026-02-22
449900.0,3,2.0,1722.0,SINGLE_FAMILY,FOR_SALE,North Las Vegas,36.25977,-115.21512,2026-02-07
560000.0,3,2.0,1794.0,SINGLE_FAMILY,FOR_SALE,North Las Vegas,36.254776,-115.21397,2026-02-22
489988.0,4,2.0,2349.0,SINGLE_FAMILY,FOR_SALE,North Las Vegas,36.252045,-115.20855,2026-02-22
340000.0,3,2.0,1388.0,TOWNHOUSE,FOR_SALE,North Las Vegas,36.249687,-115.21612,2026-02-23
399900.0,2,2.0,1388.0,SINGLE_FAMILY,FOR_SALE,Summerlin,36.21475,-115.32963,2026-02-09
899000.0,3,3.0,2577.0,SINGLE_FAMILY,FOR_SALE,Summerlin,36.213097,-115.33109,2026-02-07
455000.0,2,2.0,1703.0,SINGLE_FAMILY,FOR_SALE,Summerlin,36.21336,-115.33189,2026-02-22
649000.0,2,2.0,1703.0,SINGLE_FAMILY,FOR_SALE,Summerlin,36.209393,-115.32753,2026-02-21
584900.0,2,2.0,1668.0,SINGLE_FAMILY,FOR_SALE,Summerlin,36.214577,-115.32376,2026-02-20
400000.0,2,2.0,1388.0,SINGLE_FAMILY,FOR_SALE,Summerlin,36.204174,-115.32315,2026-02-19
649900.0,4,2.0,1814.0,SINGLE_FAMILY,FOR_SALE,Summerlin,36.203655,-115.3172,2026-02-22
750000.0,4,3.0,2437.0,SINGLE_FAMILY,FOR_SALE,Summerlin,36.204086,-115.31654,2026-02-09
419000.0,2,2.0,1360.0,SINGLE_FAMILY,FOR_SALE,Summerlin,36.196438,-115.33547,2026-02-19
1030000.0,2,3.0,2334.0,SINGLE_FAMILY,FOR_SALE,Summerlin,36.19649,-115.33848,2026-02-23
719000.0,2,2.0,1743.0,SINGLE_FAMILY,FOR_SALE,Summerlin,36.193787,-115.334236,2026-02-19
365000.0,2,2.0,1250.0,TOWNHOUSE,FOR_SALE,Summerlin,36.192398,-115.34043,2026-02-21
650000.0,3,3.0,2067.0,SINGLE_FAMILY,FOR_SALE,Summerlin,36.189526,-115.338394,2026-02-23
450000.0,2,2.0,1751.0,SINGLE_FAMILY,FOR_SALE,Summerlin,36.202114,-115.33105,2026-02-19
499900.0,2,2.0,1520.0,SINGLE_FAMILY,FOR_SALE,Summerlin,36.196625,-115.32598,2026-02-15
605000.0,3,3.0,1804.0,SINGLE_FAMILY,FOR_SALE,Summerlin,36.18948,-115.328316,2026-02-09
439000.0,3,2.0,1136.0,SINGLE_FAMILY,FOR_SALE,Summerlin,36.191673,-115.326294,2026-02-20
439950.0,2,2.0,1576.0,SINGLE_FAMILY,FOR_SALE,Summerlin,36.201702,-115.32321,2026-02-11
489950.0,2,2.0,1500.0,SINGLE_FAMILY,FOR_SALE,Summerlin,36.198456,-115.32352,2026-02-11
349900.0,2,2.0,1319.0,TOWNHOUSE,FOR_SALE,Summerlin,36.19732,-115.32449,2026-02-22
569000.0,3,3.0,1588.0,SINGLE_FAMILY,FOR_SALE,Summerlin,36.195793,-115.321625,2026-02-07
2250000.0,4,4.0,3888.0,SINGLE_FAMILY,FOR_SALE,Summerlin,36.187393,-115.333755,2026-02-09
475000.0,3,2.0,1430.0,SINGLE_FAMILY,FOR_SALE,Summerlin,36.183716,-115.32547,2026-02-22
499900.0,3,2.0,1884.0,SINGLE_FAMILY,FOR_SALE,Summerlin,36.177505,-115.32531,2026-02-23
649000.0,4,3.0,2112.0,SINGLE_FAMILY,FOR_SALE,Summerlin,36.1872,-115.317474,2026-02-23
1060000.0,4,4.0,3027.0,SINGLE_FAMILY,FOR_SALE,Summerlin,36.180904,-115.33567,2026-02-23
299999.0,2,2.0,1248.0,CONDO,FOR_SALE,Summerlin,36.171158,-115.32522,2026-02-07
340000.0,2,2.0,1248.0,CONDO,FOR_SALE,Summerlin,36.169388,-115.3255,2026-02-09
758000.0,4,4.0,3007.0,SINGLE_FAMILY,FOR_SALE,Summerlin,36.167553,-115.33113,2026-02-16
949000.0,5,3.0,3002.0,SINGLE_FAMILY,FOR_SALE,Summerlin,36.16656,-115.331726,2026-02-11
3500000.0,5,6.0,6449.0,SINGLE_FAMILY,FOR_SALE,Summerlin,36.172836,-115.32008,2026-02-23
417999.0,3,2.0,1343.0,SINGLE_FAMILY,FOR_SALE,Centennial,36.244205,-115.22479,2026-02-16
399900.0,3,2.0,1752.0,SINGLE_FAMILY,FOR_SALE,North Las Vegas,36.24399,-115.211815,2026-02-14
299000.0,2,2.0,1216.0,SINGLE_FAMILY,FOR_SALE,Centennial,36.233784,-115.2347,2026-02-23
569900.0,3,2.0,1882.0,SINGLE_FAMILY,FOR_SALE,Centennial,36.246967,-115.25499,2026-02-15
665000.0,8,3.0,3572.0,SINGLE_FAMILY,FOR_SALE,Centennial,36.24192,-115.25704,2026-02-09
449000.0,3,2.0,1783.0,SINGLE_FAMILY,FOR_SALE,Centennial,36.24297,-115.25251,2026-02-17
429900.0,4,3.0,2143.0,SINGLE_FAMILY,FOR_SALE,Centennial,36.235134,-115.25064,2026-02-20
374900.0,3,5.0,1606.0,SINGLE_FAMILY,FOR_SALE,Centennial,36.23373,-115.24976,2026-02-23
950000.0,4,4.0,4840.0,SINGLE_FAMILY,FOR_SALE,Centennial,36.246,-115.3022,2026-02-19
594900.0,5,3.0,2092.0,SINGLE_FAMILY,FOR_SALE,Summerlin,36.232716,-115.304634,2026-02-16
380000.0,3,2.0,1389.0,SINGLE_FAMILY,FOR_SALE,Summerlin,36.23183,-115.301094,2026-02-20
522000.0,3,3.0,2214.0,SINGLE_FAMILY,FOR_SALE,Summerlin,36.22875,-115.30537,2026-02-16
335000.0,2,2.0,1236.0,TOWNHOUSE,FOR_SALE,Summerlin,36.219456,-115.29975,2026-02-17
599000.0,5,3.0,3417.0,SINGLE_FAMILY,FOR_SALE,Summerlin,36.227375,-115.2931,2026-02-23
695900.0,5,3.0,3215.0,SINGLE_FAMILY,FOR_SALE,Summerlin,36.227966,-115.29121,2026-02-23
675000.0,5,3.0,3387.0,SINGLE_FAMILY,FOR_SALE,Summerlin,36.22779,-115.29659,2026-02-23
359900.0,3,3.0,1347.0,SINGLE_FAMILY,FOR_SALE,Summerlin,36.22254,-115.28855,2026-02-23
375000.0,3,3.0,1621.0,SINGLE_FAMILY,FOR_SALE,Summerlin,36.22297,-115.28948,2026-02-17
479999.0,3,2.0,1520.0,SINGLE_FAMILY,FOR_SALE,Summerlin,36.22108,-115.29127,2026-02-09
385000.0,3,2.0,1328.0,SINGLE_FAMILY,FOR_SALE,Summerlin,36.219578,-115.28905,2026-02-19
675000.0,5,3.0,3007.0,SINGLE_FAMILY,FOR_SALE,Summerlin,36.230747,-115.282745,2026-02-17
374900.0,4,3.0,1621.0,SINGLE_FAMILY,FOR_SALE,Summerlin,36.221794,-115.28703,2026-02-09
379900.0,3,2.0,1296.0,SINGLE_FAMILY,FOR_SALE,Summerlin,36.228584,-115.2727,2026-02-19
415000.0,3,2.0,1307.0,SINGLE_FAMILY,FOR_SALE,Summerlin,36.220287,-115.272125,2026-02-23
459900.0,4,3.0,2398.0,SINGLE_FAMILY,FOR_SALE,Summerlin,36.229733,-115.26502,2026-02-20
460000.0,4,3.0,2264.0,SINGLE_FAMILY,FOR_SALE,Summerlin,36.2291,-115.26688,2026-02-17
380000.0,3,2.0,1336.0,SINGLE_FAMILY,FOR_SALE,Summerlin,36.220753,-115.26715,2026-02-19
475000.0,4,2.0,1750.0,SINGLE_FAMILY,FOR_SALE,Summerlin,36.22071,-115.26591,2026-02-20
468000.0,4,2.0,1888.0,SINGLE_FAMILY,FOR_SALE,Summerlin,36.228733,-115.25802,2026-02-21
475000.0,4,2.0,1888.0,SINGLE_FAMILY,FOR_SALE,Summerlin,36.227177,-115.25847,2026-02-22
290000.0,3,2.0,1289.0,CONDO,FOR_SALE,Summerlin,36.2266,-115.24487,2026-02-22
250000.0,2,2.0,1056.0,CONDO,FOR_SALE,Summerlin,36.226933,-115.24488,2026-02-15
399900.0,4,3.0,2249.0,SINGLE_FAMILY,FOR_SALE,Summerlin,36.22042,-115.24321,2026-02-22
249900.0,2,2.0,1369.0,CONDO,FOR_SALE,Centennial,36.231068,-115.22914,2026-02-20
575000.0,4,2.0,2139.0,SINGLE_FAMILY,FOR_SALE,Centennial,36.228447,-115.23356,2026-02-22
400000.0,3,2.0,1375.0,SINGLE_FAMILY,FOR_SALE,North Las Vegas,36.21985,-115.22521,2026-02-23
619000.0,4,3.0,2027.0,SINGLE_FAMILY,FOR_SALE,Summerlin,36.210217,-115.22388,2026-02-09
419999.0,4,2.0,1383.0,SINGLE_FAMILY,FOR_SALE,Downtown Las Vegas,36.20433,-115.22264,2026-02-09
375000.0,3,2.0,1550.0,SINGLE_FAMILY,FOR_SALE,North Las Vegas,36.21161,-115.215195,2026-02-23
337000.0,3,3.0,1534.0,TOWNHOUSE,FOR_SALE,Downtown Las Vegas,36.208885,-115.20892,2026-02-19
430000.0,4,3.0,1591.0,SINGLE_FAMILY,FOR_SALE,Downtown Las Vegas,36.20377,-115.207695,2026-02-14
260000.0,2,2.0,1049.0,CONDO,FOR_SALE,Downtown Las Vegas,36.206146,-115.21452,2026-02-11
325000.0,3,2.0,1238.0,SINGLE_FAMILY,FOR_SALE,Summerlin,36.20909,-115.24032,2026-02-09
474900.0,4,3.0,2220.0,SINGLE_FAMILY,FOR_SALE,Summerlin,36.207024,-115.23585,2026-02-23
550000.0,4,3.0,1770.0,SINGLE_FAMILY,FOR_SALE,Summerlin,36.21602,-115.273636,2026-02-23
620000.0,5,3.0,2451.0,SINGLE_FAMILY,FOR_SALE,Summerlin,36.212093,-115.277954,2026-02-09
515000.0,4,3.0,2084.0,SINGLE_FAMILY,FOR_SALE,Summerlin,36.215664,-115.26134,2026-02-07
749000.0,4,3.0,3014.0,SINGLE_FAMILY,FOR_SALE,Summerlin,36.213882,-115.269264,2026-02-22
525000.0,3,3.0,1799.0,SINGLE_FAMILY,FOR_SALE,Summerlin,36.20729,-115.26543,2026-02-17
499999.0,4,3.0,2042.0,SINGLE_FAMILY,FOR_SALE,Summerlin,36.20468,-115.26102,2026-02-09
799000.0,2,2.0,1843.0,SINGLE_FAMILY,FOR_SALE,Summerlin,36.208675,-115.29318,2026-02-14
589900.0,2,2.0,1797.0,TOWNHOUSE,FOR_SALE,Summerlin,36.21354,-115.28411,2026-02-23
339900.0,2,2.0,1119.0,SINGLE_FAMILY,FOR_SALE,Summerlin,36.207466,-115.282745,2026-02-20
544999.0,2,2.0,1454.0,SINGLE_FAMILY,FOR_SALE,Summerlin,36.207104,-115.2811,2026-02-14
1150000.0,3,2.0,2102.0,SINGLE_FAMILY,FOR_SALE,Summerlin,36.217464,-115.31206,2026-02-23
489000.0,2,2.0,1653.0,SINGLE_FAMILY,FOR_SALE,Summerlin,36.21199,-115.31355,2026-02-15
529000.0,2,2.0,1402.0,SINGLE_FAMILY,FOR_SALE,Summerlin,36.21085,-115.315605,2026-02-11
924900.0,2,3.0,2577.0,SINGLE_FAMILY,FOR_SALE,Summerlin,36.21704,-115.301414,2026-02-14
599000.0,2,2.0,1703.0,SINGLE_FAMILY,FOR_SALE,Summerlin,36.21713,-115.30288,2026-02-20
518900.0,2,2.0,1384.0,SINGLE_FAMILY,FOR_SALE,Summerlin,36.212265,-115.299644,2026-02-15
399000.0,2,2.0,1179.0,TOWNHOUSE,FOR_SALE,Summerlin,36.20988,-115.30244,2026-02-11
722900.0,3,3.0,2458.0,SINGLE_FAMILY,FOR_SALE,Summerlin,36.205017,-115.300415,2026-02-23
2450000.0,4,5.0,4891.0,SINGLE_FAMILY,FOR_SALE,Summerlin,36.20044,-115.31168,2026-02-17
860000.0,3,3.0,2628.0,SINGLE_FAMILY,FOR_SALE,Summerlin,36.196407,-115.30829,2026-02-23
799000.0,3,3.0,2475.0,TOWNHOUSE,FOR_SALE,Summerlin,36.19594,-115.314926,2026-02-23
449500.0,2,3.0,1807.0,TOWNHOUSE,FOR_SALE,Summerlin,36.196033,-115.31422,2026-02-15
530000.0,2,2.0,1268.0,SINGLE_FAMILY,FOR_SALE,Summerlin,36.191296,-115.3095,2026-02-19
489000.0,4,3.0,2080.0,SINGLE_FAMILY,FOR_SALE,Summerlin,36.203094,-115.3035,2026-02-19
565000.0,4,3.0,1978.0,SINGLE_FAMILY,FOR_SALE,Summerlin,36.202156,-115.29917,2026-02-23
539000.0,2,2.0,1879.0,SINGLE_FAMILY,FOR_SALE,Summerlin,36.19819,-115.28929,2026-02-09
3795000.0,4,6.0,5217.0,SINGLE_FAMILY,FOR_SALE,Summerlin,36.196323,-115.29657,2026-02-23
2300000.0,4,5.0,4836.0,SINGLE_FAMILY,FOR_SALE,Summerlin,36.192352,-115.29444,2026-02-17
3595000.0,7,6.0,6574.0,SINGLE_FAMILY,FOR_SALE,Summerlin,36.19049,-115.294426,2026-02-21
599000.0,2,2.0,2075.0,SINGLE_FAMILY,FOR_SALE,Summerlin,36.19514,-115.27882,2026-02-20
1275000.0,3,3.0,3510.0,SINGLE_FAMILY,FOR_SALE,Summerlin,36.194706,-115.28751,2026-02-23
539900.0,3,3.0,2040.0,SINGLE_FAMILY,FOR_SALE,Summerlin,36.190365,-115.2826,2026-02-23
575000.0,5,3.0,2404.0,SINGLE_FAMILY,FOR_SALE,Summerlin,36.19815,-115.277405,2026-02-23
775000.0,5,4.0,3390.0,SINGLE_FAMILY,FOR_SALE,Summerlin,36.19301,-115.27821,2026-02-17
599900.0,4,3.0,2339.0,SINGLE_FAMILY,FOR_SALE,Summerlin,36.200138,-115.266335,2026-02-07
699000.0,4,4.0,2775.0,SINGLE_FAMILY,FOR_SALE,Summerlin,36.19823,-115.26678,2026-02-22
324990.0,3,3.0,1331.0,TOWNHOUSE,FOR_SALE,Summerlin,36.195206,-115.26061,2026-02-14
419000.0,4,3.0,1641.0,SINGLE_FAMILY,FOR_SALE,Summerlin,36.193516,-115.25327,2026-02-09
239900.0,2,2.0,1062.0,CONDO,FOR_SALE,Summerlin,36.19248,-115.258354,2026-02-15
275000.0,3,2.0,1244.0,CONDO,FOR_SALE,Summerlin,36.193954,-115.25838,2026-02-17
430000.0,4,3.0,1858.0,SINGLE_FAMILY,FOR_SALE,Summerlin,36.19043,-115.25446,2026-02-19
360000.0,3,2.0,1322.0,SINGLE_FAMILY,FOR_SALE,Summerlin,36.1898,-115.25031,2026-02-11
399000.0,4,3.0,1612.0,SINGLE_FAMILY,FOR_SALE,Summerlin,36.18934,-115.23992,2026-02-23
525000.0,4,4.0,2721.0,SINGLE_FAMILY,FOR_SALE,Spring Valley,36.193348,-115.224365,2026-02-16
190000.0,2,2.0,1030.0,CONDO,FOR_SALE,Summerlin,36.190193,-115.23256,2026-02-19
205000.0,2,2.0,976.0,CONDO,FOR_SALE,Summerlin,36.188816,-115.23258,2026-02-17
380000.0,3,2.0,1288.0,SINGLE_FAMILY,FOR_SALE,Spring Valley,36.189472,-115.228386,2026-02-11
299900.0,4,2.0,1748.0,SINGLE_FAMILY,FOR_SALE,Downtown Las Vegas,36.19882,-115.22045,2026-02-16
334950.0,3,2.0,1838.0,SINGLE_FAMILY,FOR_SALE,Spring Valley,36.191513,-115.218895,2026-02-20
299900.0,3,2.0,1314.0,SINGLE_FAMILY,FOR_SALE,Downtown Las Vegas,36.19106,-115.21767,2026-02-11
434500.0,3,2.0,1624.0,SINGLE_FAMILY,FOR_SALE,Downtown Las Vegas,36.195892,-115.20836,2026-02-19
384000.0,3,2.0,1560.0,SINGLE_FAMILY,FOR_SALE,Spring Valley,36.186096,-115.219284,2026-02-17
389888.0,3,2.0,1334.0,SINGLE_FAMILY,FOR_SALE,Spring Valley,36.184227,-115.21966,2026-02-23
399900.0,4,2.0,1334.0,SINGLE_FAMILY,FOR_SALE,Spring Valley,36.18217,-115.22012,2026-02-19
290000.0,3,2.0,1418.0,TOWNHOUSE,FOR_SALE,Spring Valley,36.180626,-115.219284,2026-02-21
320000.0,3,2.0,1485.0,TOWNHOUSE,FOR_SALE,Spring Valley,36.17754,-115.219246,2026-02-17
395000.0,4,2.0,1558.0,SINGLE_FAMILY,FOR_SALE,Spring Valley,36.179317,-115.21653,2026-02-19
315000.0,4,3.0,1934.0,SINGLE_FAMILY,FOR_SALE,Spring Valley,36.17683,-115.21713,2026-02-19
429000.0,4,3.0,2040.0,SINGLE_FAMILY,FOR_SALE,Spring Valley,36.176662,-115.218475,2026-02-19
499900.0,4,3.0,2660.0,SINGLE_FAMILY,FOR_SALE,Spring Valley,36.176685,-115.21524,2026-02-23
350000.0,5,3.0,1720.0,SINGLE_FAMILY,FOR_SALE,Downtown Las Vegas,36.181236,-115.20929,2026-02-20
409900.0,4,2.0,1396.0,SINGLE_FAMILY,FOR_SALE,Spring Valley,36.178867,-115.21246,2026-02-23
332000.0,3,2.0,1069.0,SINGLE_FAMILY,FOR_SALE,Summerlin,36.186947,-115.23887,2026-02-17
340000.0,3,2.0,1069.0,SINGLE_FAMILY,FOR_SALE,Summerlin,36.186935,-115.23924,2026-02-20
357900.0,3,2.0,1085.0,SINGLE_FAMILY,FOR_SALE,Summerlin,36.185055,-115.23879,2026-02-23
450000.0,4,3.0,1753.0,SINGLE_FAMILY,FOR_SALE,Spring Valley,36.18243,-115.2356,2026-02-22
279000.0,2,2.0,1327.0,TOWNHOUSE,FOR_SALE,Spring Valley,36.179142,-115.23568,2026-02-20
364999.0,3,2.0,1663.0,SINGLE_FAMILY,FOR_SALE,Spring Valley,36.176285,-115.23055,2026-02-19
365000.0,3,1.0,988.0,SINGLE_FAMILY,FOR_SALE,Spring Valley,36.176064,-115.225395,2026-02-11
340000.0,4,2.0,1390.0,SINGLE_FAMILY,FOR_SALE,Spring Valley,36.17486,-115.227455,2026-02-17
390000.0,3,2.0,1143.0,SINGLE_FAMILY,FOR_SALE,Summerlin,36.186386,-115.25261,2026-02-11
385000.0,2,2.0,1214.0,SINGLE_FAMILY,FOR_SALE,Summerlin,36.183357,-115.251595,2026-02-15
1100000.0,10,10.0,4052.0,MULTI_FAMILY,FOR_SALE,Summerlin,36.185467,-115.24506,2026-02-14
308000.0,3,2.0,1390.0,CONDO,FOR_SALE,Summerlin,36.187725,-115.270836,2026-02-22
339000.0,3,2.0,1098.0,CONDO,FOR_SALE,Summerlin,36.185932,-115.2696,2026-02-17
389900.0,3,2.0,1423.0,SINGLE_FAMILY,FOR_SALE,Summerlin,36.18403,-115.27364,2026-02-20
195000.0,2,2.0,912.0,CONDO,FOR_SALE,Summerlin,36.18154,-115.26617,2026-02-14
7499000.0,5,7.0,9105.0,SINGLE_FAMILY,FOR_SALE,Summerlin,36.179955,-115.29306,2026-02-17
899999.0,3,3.0,2951.0,SINGLE_FAMILY,FOR_SALE,Summerlin,36.179283,-115.31335,2026-02-07
448500.0,3,3.0,1707.0,CONDO,FOR_SALE,Summerlin,36.180504,-115.30924,2026-02-22
1250000.0,5,3.0,3192.0,SINGLE_FAMILY,FOR_SALE,Summerlin,36.177456,-115.30999,2026-02-09
1595000.0,5,5.0,3612.0,SINGLE_FAMILY,FOR_SALE,Summerlin,36.16934,-115.31107,2026-02-17
1100000.0,4,4.0,2989.0,SINGLE_FAMILY,FOR_SALE,Summerlin,36.161594,-115.31325,2026-02-07
434999.0,3,2.0,1620.0,SINGLE_FAMILY,FOR_SALE,Summerlin,36.17264,-115.27175,2026-02-21
392999.0,3,2.0,1297.0,SINGLE_FAMILY,FOR_SALE,Summerlin,36.169598,-115.27188,2026-02-20
237000.0,2,2.0,1129.0,CONDO,FOR_SALE,Summerlin,36.161324,-115.277084,2026-02-11
299000.0,3,2.0,1620.0,SINGLE_FAMILY,FOR_SALE,Summerlin,36.17328,-115.26356,2026-02-17
395000.0,3,2.0,1322.0,SINGLE_FAMILY,FOR_SALE,Summerlin,36.164124,-115.26871,2026-02-23
449900.0,3,2.0,1620.0,SINGLE_FAMILY,FOR_SALE,Summerlin,36.173206,-115.25206,2026-02-15
385000.0,4,2.0,1519.0,SINGLE_FAMILY,FOR_SALE,Summerlin,36.16828,-115.25689,2026-02-11
380000.0,4,2.0,1895.0,SINGLE_FAMILY,FOR_SALE,Summerlin,36.168987,-115.257225,2026-02-20
420000.0,4,2.0,1268.0,SINGLE_FAMILY,FOR_SALE,Summerlin,36.165894,-115.25157,2026-02-21
315000.0,3,2.0,912.0,SINGLE_FAMILY,FOR_SALE,Summerlin,36.164524,-115.25246,2026-02-17
429900.0,4,2.0,1802.0,SINGLE_FAMILY,FOR_SALE,Spring Valley,36.168137,-115.24061,2026-02-11
450000.0,3,2.0,2214.0,SINGLE_FAMILY,FOR_SALE,Spring Valley,36.16898,-115.23972,2026-02-09
359500.0,3,2.0,1690.0,SINGLE_FAMILY,FOR_SALE,Spring Valley,36.17067,-115.22513,2026-02-19
399900.0,3,2.0,1453.0,SINGLE_FAMILY,FOR_SALE,Spring Valley,36.1688,-115.231804,2026-02-23
339999.0,3,2.0,988.0,SINGLE_FAMILY,FOR_SALE,Spring Valley,36.165447,-115.22905,2026-02-21
399000.0,4,2.0,1502.0,SINGLE_FAMILY,FOR_SALE,Spring Valley,36.17271,-115.21629,2026-02-07
399999.0,3,2.0,1705.0,SINGLE_FAMILY,FOR_SALE,Spring Valley,36.164555,-115.21574,2026-02-14
305000.0,3,2.0,1056.0,SINGLE_FAMILY,FOR_SALE,Spring Valley,36.16355,-115.218704,2026-02-23
660000.0,3,2.0,2358.0,SINGLE_FAMILY,FOR_SALE,Paradise,36.052887,-115.13384,2026-02-23
374900.0,2,2.0,1695.0,TOWNHOUSE,FOR_SALE,Spring Valley,36.16765,-115.21345,2026-02-21
369900.0,3,2.0,1204.0,SINGLE_FAMILY,FOR_SALE,Spring Valley,36.16417,-115.21301,2026-02-07
385000.0,3,2.0,1218.0,SINGLE_FAMILY,FOR_SALE,Spring Valley,36.163345,-115.21461,2026-02-20
376000.0,3,2.0,1382.0,SINGLE_FAMILY,FOR_SALE,Downtown Las Vegas,36.19886,-115.20434,2026-02-09
399000.0,3,3.0,1700.0,SINGLE_FAMILY,FOR_SALE,Downtown Las Vegas,36.19578,-115.196625,2026-02-16
747000.0,5,5.0,3984.0,SINGLE_FAMILY,FOR_SALE,Downtown Las Vegas,36.194466,-115.19442,2026-02-11
335000.0,3,2.0,1311.0,SINGLE_FAMILY,FOR_SALE,Downtown Las Vegas,36.189487,-115.18312,2026-02-20
310000.0,3,2.0,1096.0,SINGLE_FAMILY,FOR_SALE,Downtown Las Vegas,36.195442,-115.17107,2026-02-16
349900.0,4,3.0,1776.0,SINGLE_FAMILY,FOR_SALE,Downtown Las Vegas,36.18925,-115.1737,2026-02-14
369995.0,4,2.0,1288.0,SINGLE_FAMILY,FOR_SALE,Downtown Las Vegas,36.194923,-115.14786,2026-02-23
10300000.0,7,11.0,14787.0,SINGLE_FAMILY,FOR_SALE,Enterprise,35.971107,-115.192924,2026-02-22
400000.0,3,3.0,1735.0,SINGLE_FAMILY,FOR_SALE,Centennial,36.31909,-115.21551,2026-02-23
849000.0,5,4.0,3399.0,SINGLE_FAMILY,FOR_SALE,Mountains Edge,36.01353,-115.262024,2026-02-09
390000.0,4,2.0,1356.0,SINGLE_FAMILY,FOR_SALE,Winchester,36.18597,-115.10843,2026-02-09
355000.0,4,4.0,1670.0,SINGLE_FAMILY,FOR_SALE,Centennial,36.29159,-115.28974,2026-02-07
245000.0,1,1.0,862.0,CONDO,FOR_SALE,Centennial,36.286827,-115.272896,2026-02-23
1200000.0,4,3.0,3134.0,SINGLE_FAMILY,FOR_SALE,Centennial,36.28349,-115.22231,2026-02-19
640000.0,4,4.0,1990.0,SINGLE_FAMILY,FOR_SALE,Summerlin,36.16003,-115.34316,2026-02-11
395000.0,4,3.0,1740.0,SINGLE_FAMILY,FOR_SALE,Centennial,36.26435,-115.24319,2026-02-17
329888.0,3,2.0,1166.0,SINGLE_FAMILY,FOR_SALE,Green Valley,36.09129,-115.02764,2026-02-22
350000.0,3,3.0,1726.0,SINGLE_FAMILY,FOR_SALE,Winchester,36.18725,-115.10692,2026-02-09
193000.0,3,3.0,1433.0,SINGLE_FAMILY,FOR_SALE,Downtown Las Vegas,36.176487,-115.13172,2026-02-19
330000.0,3,2.0,1280.0,SINGLE_FAMILY,FOR_SALE,Downtown Las Vegas,36.18094,-115.11979,2026-02-16
324900.0,9,5.0,3184.0,MULTI_FAMILY,FOR_SALE,Downtown Las Vegas,36.17851,-115.15082,2026-02-20
339000.0,3,2.0,1348.0,SINGLE_FAMILY,FOR_SALE,Downtown Las Vegas,36.17888,-115.137985,2026-02-07
975000.0,5,4.0,4125.0,SINGLE_FAMILY,FOR_SALE,Downtown Las Vegas,36.187103,-115.16482,2026-02-07
880000.0,5,4.0,2759.0,SINGLE_FAMILY,FOR_SALE,Downtown Las Vegas,36.184536,-115.16943,2026-02-09
449900.0,5,3.0,1906.0,SINGLE_FAMILY,FOR_SALE,Downtown Las Vegas,36.17439,-115.169716,2026-02-11
289999.0,3,2.0,1742.0,SINGLE_FAMILY,FOR_SALE,Downtown Las Vegas,36.17709,-115.17961,2026-02-22
273000.0,4,2.0,1276.0,TOWNHOUSE,FOR_SALE,Downtown Las Vegas,36.17974,-115.17149,2026-02-17
419999.0,3,2.0,1580.0,SINGLE_FAMILY,FOR_SALE,Downtown Las Vegas,36.179726,-115.20078,2026-02-23
400000.0,3,2.0,1544.0,SINGLE_FAMILY,FOR_SALE,Downtown Las Vegas,36.177124,-115.199585,2026-02-11
399000.0,4,3.0,1418.0,SINGLE_FAMILY,FOR_SALE,Downtown Las Vegas,36.186256,-115.188446,2026-02-11
350000.0,4,3.0,1476.0,SINGLE_FAMILY,FOR_SALE,Spring Valley,36.159607,-115.20327,2026-02-23
409900.0,3,2.0,1249.0,SINGLE_FAMILY,FOR_SALE,Downtown Las Vegas,36.16659,-115.19355,2026-02-21
460000.0,7,3.0,2556.0,SINGLE_FAMILY,FOR_SALE,Downtown Las Vegas,36.16327,-115.19618,2026-02-17
1395000.0,3,3.0,2388.0,SINGLE_FAMILY,FOR_SALE,Downtown Las Vegas,36.16916,-115.18369,2026-02-11
599000.0,4,4.0,1926.0,MULTI_FAMILY,FOR_SALE,Downtown Las Vegas,36.172672,-115.126335,2026-02-11
299999.0,3,2.0,1230.0,SINGLE_FAMILY,FOR_SALE,Downtown Las Vegas,36.163155,-115.122635,2026-02-17
350000.0,6,2.0,1260.0,SINGLE_FAMILY,FOR_SALE,North Las Vegas,36.236595,-115.07407,2026-02-19
139000.0,2,2.0,864.0,CONDO,FOR_SALE,North Las Vegas,36.239704,-115.06511,2026-02-11
349900.0,4,3.0,1512.0,SINGLE_FAMILY,FOR_SALE,North Las Vegas,36.23454,-115.08226,2026-02-20
329999.0,4,2.0,1180.0,SINGLE_FAMILY,FOR_SALE,North Las Vegas,36.22543,-115.091805,2026-02-17
365000.0,4,3.0,1658.0,SINGLE_FAMILY,FOR_SALE,North Las Vegas,36.232414,-115.084206,2026-02-20
384900.0,3,2.0,1372.0,SINGLE_FAMILY,FOR_SALE,Winchester,36.208748,-115.027985,2026-02-09
474900.0,4,3.0,2011.0,SINGLE_FAMILY,FOR_SALE,Winchester,36.208782,-115.02969,2026-02-11
505000.0,4,3.0,1866.0,SINGLE_FAMILY,FOR_SALE,Winchester,36.204525,-115.03163,2026-02-14
168000.0,2,2.0,1015.0,CONDO,FOR_SALE,Winchester,36.213802,-115.09355,2026-02-20
255000.0,4,2.0,1260.0,SINGLE_FAMILY,FOR_SALE,Winchester,36.208977,-115.09236,2026-02-20
607000.0,4,3.0,2003.0,SINGLE_FAMILY,FOR_SALE,Winchester,36.2051,-115.08638,2026-02-11
245000.0,3,3.0,1384.0,TOWNHOUSE,FOR_SALE,Winchester,36.190807,-115.06667,2026-02-16
300000.0,5,2.0,1879.0,SINGLE_FAMILY,FOR_SALE,Winchester,36.190434,-115.04591,2026-02-23
244900.0,3,2.0,1446.0,CONDO,FOR_SALE,Winchester,36.195686,-115.03774,2026-02-15
370000.0,3,2.0,1453.0,SINGLE_FAMILY,FOR_SALE,Winchester,36.198563,-115.028946,2026-02-07
625000.0,5,3.0,3810.0,SINGLE_FAMILY,FOR_SALE,Winchester,36.191967,-115.02965,2026-02-17
675000.0,8,4.0,3692.0,MULTI_FAMILY,FOR_SALE,Winchester,36.20087,-115.02032,2026-02-19
750000.0,12,4.0,4152.0,MULTI_FAMILY,FOR_SALE,Winchester,36.19949,-115.020195,2026-02-17
385000.0,3,2.0,1444.0,SINGLE_FAMILY,FOR_SALE,Winchester,36.201508,-115.01412,2026-02-23
205000.0,2,2.0,1049.0,CONDO,FOR_SALE,Winchester,36.197186,-115.01615,2026-02-21
730000.0,3,2.0,2519.0,SINGLE_FAMILY,FOR_SALE,Winchester,36.17492,-115.01719,2026-02-07
565000.0,4,2.0,2016.0,SINGLE_FAMILY,FOR_SALE,Winchester,36.183174,-115.03397,2026-02-07
600000.0,3,3.0,3862.0,SINGLE_FAMILY,FOR_SALE,Winchester,36.18376,-115.02856,2026-02-11
899900.0,5,4.0,3990.0,SINGLE_FAMILY,FOR_SALE,Winchester,36.18296,-115.02643,2026-02-22
465000.0,4,2.0,1873.0,SINGLE_FAMILY,FOR_SALE,Winchester,36.18047,-115.0596,2026-02-11
367000.0,3,2.0,1527.0,SINGLE_FAMILY,FOR_SALE,Winchester,36.188248,-115.046196,2026-02-23
390000.0,4,2.0,1245.0,SINGLE_FAMILY,FOR_SALE,Winchester,36.186043,-115.074036,2026-02-17
300000.0,4,2.0,1158.0,SINGLE_FAMILY,FOR_SALE,Winchester,36.183033,-115.07075,2026-02-07
349900.0,4,2.0,1272.0,SINGLE_FAMILY,FOR_SALE,Winchester,36.168945,-115.08752,2026-02-19
379000.0,3,2.0,1162.0,SINGLE_FAMILY,FOR_SALE,Winchester,36.162415,-115.08458,2026-02-23
313000.0,3,1.0,1128.0,SINGLE_FAMILY,FOR_SALE,Winchester,36.16064,-115.072784,2026-02-11
255000.0,3,2.0,1081.0,SINGLE_FAMILY,FOR_SALE,Winchester,36.16434,-115.066284,2026-02-23
369900.0,3,2.0,1196.0,SINGLE_FAMILY,FOR_SALE,Winchester,36.165466,-115.052574,2026-02-23
379900.0,3,3.0,1830.0,SINGLE_FAMILY,FOR_SALE,Winchester,36.166718,-115.04775,2026-02-09
674999.0,5,4.0,2167.0,SINGLE_FAMILY,FOR_SALE,Winchester,36.17393,-115.03726,2026-02-23
930000.0,6,4.0,4228.0,SINGLE_FAMILY,FOR_SALE,Winchester,36.16188,-115.039375,2026-02-23
750000.0,6,5.0,4550.0,SINGLE_FAMILY,FOR_SALE,Winchester,36.166946,-115.02697,2026-02-07
840000.0,5,4.0,4049.0,SINGLE_FAMILY,FOR_SALE,Winchester,36.162167,-115.02743,2026-02-11
599999.0,3,3.0,2375.0,SINGLE_FAMILY,FOR_SALE,Winchester,36.16162,-115.02708,2026-02-20
685000.0,5,4.0,3457.0,SINGLE_FAMILY,FOR_SALE,Winchester,36.161213,-115.02754,2026-02-11
828900.0,4,3.0,3737.0,SINGLE_FAMILY,FOR_SALE,Winchester,36.163906,-115.02441,2026-02-23
699997.0,4,3.0,2956.0,SINGLE_FAMILY,FOR_SALE,Winchester,36.163536,-115.023994,2026-02-23
850000.0,6,4.0,4058.0,SINGLE_FAMILY,FOR_SALE,Winchester,36.1653,-115.02216,2026-02-17
950000.0,7,6.0,4841.0,SINGLE_FAMILY,FOR_SALE,Winchester,36.155926,-115.023735,2026-02-11
354900.0,3,2.0,1310.0,SINGLE_FAMILY,FOR_SALE,Winchester,36.15617,-115.03964,2026-02-07
395000.0,4,3.0,1542.0,SINGLE_FAMILY,FOR_SALE,Winchester,36.15198,-115.04378,2026-02-09
389900.0,3,3.0,1595.0,SINGLE_FAMILY,FOR_SALE,Winchester,36.14626,-115.041824,2026-02-23
410000.0,3,3.0,1669.0,SINGLE_FAMILY,FOR_SALE,Winchester,36.1476,-115.0407,2026-02-11
418000.0,3,2.0,1663.0,SINGLE_FAMILY,FOR_SALE,Winchester,36.1491,-115.05977,2026-02-11
350000.0,3,2.0,1202.0,SINGLE_FAMILY,FOR_SALE,Winchester,36.158504,-115.05171,2026-02-14
350000.0,3,2.0,1419.0,SINGLE_FAMILY,FOR_SALE,Winchester,36.153255,-115.04916,2026-02-09
455000.0,4,3.0,1562.0,SINGLE_FAMILY,FOR_SALE,Winchester,36.155243,-115.07468,2026-02-20
360000.0,3,2.0,1344.0,SINGLE_FAMILY,FOR_SALE,Winchester,36.152863,-115.076546,2026-02-19
499000.0,5,4.0,2328.0,SINGLE_FAMILY,FOR_SALE,Winchester,36.152378,-115.06969,2026-02-22
250000.0,3,1.0,961.0,SINGLE_FAMILY,FOR_SALE,Winchester,36.15815,-115.094696,2026-02-23
380000.0,3,2.0,1058.0,SINGLE_FAMILY,FOR_SALE,Winchester,36.152092,-115.08986,2026-02-22
207000.0,2,2.0,1073.0,CONDO,FOR_SALE,Winchester,36.143356,-115.075714,2026-02-11
545000.0,8,8.0,3672.0,MULTI_FAMILY,FOR_SALE,Winchester,36.13761,-115.0756,2026-02-09
575000.0,8,8.0,3672.0,MULTI_FAMILY,FOR_SALE,Winchester,36.13772,-115.07536,2026-02-17
400000.0,4,3.0,1138.0,SINGLE_FAMILY,FOR_SALE,Winchester,36.134274,-115.08067,2026-02-23
400000.0,3,2.0,1824.0,SINGLE_FAMILY,FOR_SALE,Winchester,36.1307,-115.08005,2026-02-23
620000.0,8,4.0,3112.0,MULTI_FAMILY,FOR_SALE,Winchester,36.141758,-115.072205,2026-02-19
210000.0,2,2.0,1029.0,CONDO,FOR_SALE,Winchester,36.1394,-115.06834,2026-02-09
319750.0,3,2.0,986.0,SINGLE_FAMILY,FOR_SALE,Winchester,36.13891,-115.05759,2026-02-21
499999.0,3,2.0,2222.0,SINGLE_FAMILY,FOR_SALE,Winchester,36.12252,-115.05538,2026-02-09
599000.0,3,3.0,2838.0,SINGLE_FAMILY,FOR_SALE,Winchester,36.120293,-115.04998,2026-02-15
330000.0,4,2.0,1284.0,SINGLE_FAMILY,FOR_SALE,Winchester,36.11882,-115.08011,2026-02-23
485000.0,3,2.0,1698.0,SINGLE_FAMILY,FOR_SALE,Winchester,36.12937,-115.09601,2026-02-07
260000.0,2,2.0,1374.0,TOWNHOUSE,FOR_SALE,Winchester,36.1262,-115.09459,2026-02-22
589000.0,4,3.0,2609.0,SINGLE_FAMILY,FOR_SALE,Winchester,36.12269,-115.097984,2026-02-17
469900.0,4,3.0,1968.0,SINGLE_FAMILY,FOR_SALE,Winchester,36.12345,-115.095726,2026-02-21
395000.0,3,3.0,2025.0,TOWNHOUSE,FOR_SALE,Winchester,36.121803,-115.092804,2026-02-11
649000.0,3,3.0,2482.0,SINGLE_FAMILY,FOR_SALE,Winchester,36.117905,-115.097534,2026-02-23
369900.0,3,2.0,2082.0,TOWNHOUSE,FOR_SALE,Winchester,36.117844,-115.08731,2026-02-11
359900.0,3,3.0,2305.0,TOWNHOUSE,FOR_SALE,Winchester,36.117634,-115.08617,2026-02-21
365000.0,3,2.0,1180.0,SINGLE_FAMILY,FOR_SALE,Winchester,36.1074,-115.08706,2026-02-17
470000.0,4,2.0,1974.0,SINGLE_FAMILY,FOR_SALE,Winchester,36.102356,-115.088425,2026-02-23
500000.0,4,3.0,2651.0,SINGLE_FAMILY,FOR_SALE,Winchester,36.102745,-115.08795,2026-02-09
449000.0,4,2.0,1680.0,SINGLE_FAMILY,FOR_SALE,Winchester,36.112396,-115.08044,2026-02-19
340000.0,3,2.0,1971.0,SINGLE_FAMILY,FOR_SALE,Winchester,36.112953,-115.07709,2026-02-11
399900.0,3,2.0,1722.0,SINGLE_FAMILY,FOR_SALE,Winchester,36.113167,-115.07498,2026-02-09
499999.0,5,3.0,2781.0,SINGLE_FAMILY,FOR_SALE,Winchester,36.109615,-115.08116,2026-02-20
428000.0,3,2.0,1620.0,SINGLE_FAMILY,FOR_SALE,Winchester,36.109333,-115.08081,2026-02-19
475000.0,4,2.0,1895.0,SINGLE_FAMILY,FOR_SALE,Winchester,36.105625,-115.077034,2026-02-09
419995.0,3,2.0,1437.0,SINGLE_FAMILY,FOR_SALE,Winchester,36.104862,-115.07685,2026-02-23
479998.0,5,3.0,2153.0,SINGLE_FAMILY,FOR_SALE,Winchester,36.11408,-115.07168,2026-02-11
299990.0,5,2.0,1552.0,SINGLE_FAMILY,FOR_SALE,Winchester,36.113647,-115.06878,2026-02-23
385000.0,3,2.0,1708.0,SINGLE_FAMILY,FOR_SALE,Winchester,36.11243,-115.06918,2026-02-23
380000.0,4,2.0,1832.0,SINGLE_FAMILY,FOR_SALE,Green Valley,36.106773,-115.06144,2026-02-21
389990.0,3,2.0,1269.0,SINGLE_FAMILY,FOR_SALE,Green Valley,36.10539,-115.05989,2026-02-23
499000.0,5,4.0,2448.0,SINGLE_FAMILY,FOR_SALE,Green Valley,36.103508,-115.04444,2026-02-11
299000.0,2,2.0,1088.0,SINGLE_FAMILY,FOR_SALE,Green Valley,36.097607,-115.025795,2026-02-19
315000.0,3,2.0,1225.0,SINGLE_FAMILY,FOR_SALE,Green Valley,36.09429,-115.027466,2026-02-23
55000.0,2,2.0,970.0,CONDO,FOR_SALE,Green Valley,36.09292,-115.04526,2026-02-19
175000.0,1,1.0,724.0,CONDO,FOR_SALE,Green Valley,36.090103,-115.042595,2026-02-14
360000.0,5,2.0,1848.0,SINGLE_FAMILY,FOR_SALE,Green Valley,36.097157,-115.060005,2026-02-19
375000.0,3,2.0,1472.0,SINGLE_FAMILY,FOR_SALE,Green Valley,36.093174,-115.06367,2026-02-23
449900.0,4,2.0,1451.0,SINGLE_FAMILY,FOR_SALE,Green Valley,36.093224,-115.05747,2026-02-09
185000.0,1,1.0,750.0,CONDO,FOR_SALE,Green Valley,36.09216,-115.04659,2026-02-23
400000.0,3,2.0,1620.0,SINGLE_FAMILY,FOR_SALE,Green Valley,36.095024,-115.07435,2026-02-07
405000.0,3,2.0,1368.0,SINGLE_FAMILY,FOR_SALE,Green Valley,36.099483,-115.068016,2026-02-07
389999.0,4,2.0,1515.0,SINGLE_FAMILY,FOR_SALE,Green Valley,36.09493,-115.06633,2026-02-09
338877.0,2,2.0,1056.0,SINGLE_FAMILY,FOR_SALE,Green Valley,36.09051,-115.065674,2026-02-16
220000.0,2,2.0,1012.0,TOWNHOUSE,FOR_SALE,Paradise,36.09798,-115.09703,2026-02-22
356250.0,3,3.0,1929.0,SINGLE_FAMILY,FOR_SALE,Paradise,36.09503,-115.099396,2026-02-09
410000.0,4,2.0,1817.0,SINGLE_FAMILY,FOR_SALE,Green Valley,36.099457,-115.0875,2026-02-22
721000.0,3,3.0,3015.0,SINGLE_FAMILY,FOR_SALE,Green Valley,36.08327,-115.093544,2026-02-11
243000.0,2,2.0,1200.0,CONDO,FOR_SALE,Green Valley,36.084698,-115.09969,2026-02-22
1240000.0,4,5.0,3772.0,SINGLE_FAMILY,FOR_SALE,Green Valley,36.080093,-115.097786,2026-02-23
399990.0,3,2.0,1674.0,SINGLE_FAMILY,FOR_SALE,Winchester,36.14681,-115.105484,2026-02-22
525000.0,3,2.0,1983.0,SINGLE_FAMILY,FOR_SALE,Downtown Las Vegas,36.15462,-115.13031,2026-02-14
749900.0,3,3.0,2923.0,SINGLE_FAMILY,FOR_SALE,Downtown Las Vegas,36.151306,-115.13256,2026-02-11
324900.0,3,2.0,958.0,SINGLE_FAMILY,FOR_SALE,Winchester,36.155293,-115.12404,2026-02-09
300000.0,3,1.0,1036.0,SINGLE_FAMILY,FOR_SALE,Winchester,36.154907,-115.12167,2026-02-19
305000.0,3,2.0,1427.0,SINGLE_FAMILY,FOR_SALE,Winchester,36.15327,-115.12433,2026-02-07
337000.0,3,2.0,1315.0,SINGLE_FAMILY,FOR_SALE,Winchester,36.15013,-115.12269,2026-02-09
385000.0,3,2.0,1333.0,SINGLE_FAMILY,FOR_SALE,Downtown Las Vegas,36.15749,-115.140625,2026-02-09
359999.0,3,2.0,1267.0,SINGLE_FAMILY,FOR_SALE,Downtown Las Vegas,36.153492,-115.13919,2026-02-17
389000.0,2,2.0,1491.0,SINGLE_FAMILY,FOR_SALE,Downtown Las Vegas,36.150234,-115.14394,2026-02-15
334900.0,3,1.0,1149.0,SINGLE_FAMILY,FOR_SALE,Downtown Las Vegas,36.149487,-115.14336,2026-02-20
1699999.0,3,3.0,3589.0,SINGLE_FAMILY,FOR_SALE,Downtown Las Vegas,36.155502,-115.16788,2026-02-11
1450000.0,5,5.0,3036.0,SINGLE_FAMILY,FOR_SALE,Downtown Las Vegas,36.15189,-115.16986,2026-02-14
549900.0,5,3.0,2465.0,SINGLE_FAMILY,FOR_SALE,Downtown Las Vegas,36.15013,-115.187485,2026-02-23
629000.0,3,2.0,1964.0,SINGLE_FAMILY,FOR_SALE,Downtown Las Vegas,36.1511,-115.18393,2026-02-11
600000.0,3,3.0,2343.0,SINGLE_FAMILY,FOR_SALE,Downtown Las Vegas,36.14842,-115.18276,2026-02-23
600000.0,4,2.0,2238.0,SINGLE_FAMILY,FOR_SALE,Downtown Las Vegas,36.153034,-115.18134,2026-02-09
324999.0,4,2.0,1380.0,SINGLE_FAMILY,FOR_SALE,Spring Valley,36.153145,-115.202446,2026-02-09
187000.0,2,2.0,1073.0,CONDO,FOR_SALE,Spring Valley,36.14855,-115.20524,2026-02-17
399900.0,4,3.0,2280.0,SINGLE_FAMILY,FOR_SALE,Spring Valley,36.146305,-115.197784,2026-02-22
445000.0,4,2.0,2005.0,SINGLE_FAMILY,FOR_SALE,Spring Valley,36.14604,-115.19605,2026-02-22
445000.0,4,4.0,1838.0,SINGLE_FAMILY,FOR_SALE,Spring Valley,36.14209,-115.19335,2026-02-17
395000.0,5,2.0,2637.0,SINGLE_FAMILY,FOR_SALE,The Strip,36.14249,-115.18262,2026-02-19
399900.0,3,2.0,1073.0,SINGLE_FAMILY,FOR_SALE,The Strip,36.141075,-115.18287,2026-02-14
500000.0,3,4.0,2031.0,TOWNHOUSE,FOR_SALE,Downtown Las Vegas,36.1403,-115.13923,2026-02-23
1090000.0,3,3.0,2810.0,SINGLE_FAMILY,FOR_SALE,Paradise,36.136723,-115.13968,2026-02-14
378000.0,3,2.0,1453.0,SINGLE_FAMILY,FOR_SALE,Paradise,36.134304,-115.130264,2026-02-20
450000.0,4,3.0,1706.0,SINGLE_FAMILY,FOR_SALE,Paradise,36.134758,-115.12866,2026-02-20
509900.0,5,3.0,1922.0,SINGLE_FAMILY,FOR_SALE,Winchester,36.13439,-115.121864,2026-02-21
182500.0,2,3.0,980.0,CONDO,FOR_SALE,Winchester,36.142014,-115.11707,2026-02-23
99990.0,1,1.0,671.0,CONDO,FOR_SALE,Winchester,36.133137,-115.1182,2026-02-19
230000.0,3,2.0,1610.0,TOWNHOUSE,FOR_SALE,Winchester,36.139713,-115.105064,2026-02-20
535000.0,5,3.0,2562.0,SINGLE_FAMILY,FOR_SALE,Winchester,36.12582,-115.11164,2026-02-17
800000.0,3,3.0,2763.0,SINGLE_FAMILY,FOR_SALE,Paradise,36.119106,-115.11588,2026-02-23
375000.0,3,2.0,1675.0,TOWNHOUSE,FOR_SALE,Winchester,36.125496,-115.10569,2026-02-19
330000.0,3,2.0,1701.0,TOWNHOUSE,FOR_SALE,Winchester,36.123154,-115.107994,2026-02-22
1150000.0,6,5.0,4674.0,SINGLE_FAMILY,FOR_SALE,Winchester,36.118977,-115.10622,2026-02-16
543000.0,3,3.0,1672.0,SINGLE_FAMILY,FOR_SALE,Paradise,36.12877,-115.133354,2026-02-07
555000.0,4,3.0,1929.0,SINGLE_FAMILY,FOR_SALE,Paradise,36.12727,-115.13127,2026-02-15
525000.0,4,2.0,2025.0,SINGLE_FAMILY,FOR_SALE,Paradise,36.12398,-115.12951,2026-02-07
220000.0,2,2.0,970.0,CONDO,FOR_SALE,Paradise,36.12008,-115.12873,2026-02-17
5900000.0,5,6.0,16936.0,SINGLE_FAMILY,FOR_SALE,Paradise,36.11664,-115.127335,2026-02-23
649000.0,4,5.0,2697.0,SINGLE_FAMILY,FOR_SALE,Paradise,36.117172,-115.12273,2026-02-09
265000.0,3,3.0,1693.0,TOWNHOUSE,FOR_SALE,The Strip,36.125164,-115.14967,2026-02-23
185000.0,2,2.0,892.0,CONDO,FOR_SALE,Paradise,36.11922,-115.14071,2026-02-17
179999.0,2,2.0,1321.0,CONDO,FOR_SALE,Paradise,36.1177,-115.14455,2026-02-14
332900.0,4,2.0,1200.0,SINGLE_FAMILY,FOR_SALE,Spring Valley,36.12975,-115.20146,2026-02-20
249900.0,2,1.0,854.0,TOWNHOUSE,FOR_SALE,Spring Valley,36.11629,-115.20171,2026-02-22
260000.0,3,3.0,1196.0,CONDO,FOR_SALE,Paradise,36.105995,-115.132866,2026-02-21
319999.0,3,2.0,1383.0,TOWNHOUSE,FOR_SALE,Paradise,36.108562,-115.126366,2026-02-17
549999.0,3,2.0,1568.0,SINGLE_FAMILY,FOR_SALE,Paradise,36.104076,-115.12028,2026-02-23
189900.0,2,2.0,928.0,TOWNHOUSE,FOR_SALE,Paradise,36.10345,-115.11389,2026-02-17
539888.0,5,4.0,2582.0,SINGLE_FAMILY,FOR_SALE,Paradise,36.106068,-115.10637,2026-02-21
346000.0,4,2.0,1574.0,SINGLE_FAMILY,FOR_SALE,Paradise,36.103264,-115.10704,2026-02-16
494998.0,4,6.0,2706.0,SINGLE_FAMILY,FOR_SALE,Paradise,36.102924,-115.1032,2026-02-21
720000.0,4,3.0,2838.0,SINGLE_FAMILY,FOR_SALE,Paradise,36.089085,-115.11138,2026-02-09
219000.0,3,2.0,1190.0,CONDO,FOR_SALE,Paradise,36.094765,-115.10702,2026-02-11
389900.0,3,3.0,2428.0,SINGLE_FAMILY,FOR_SALE,Paradise,36.09119,-115.101456,2026-02-22
1200000.0,3,4.0,4058.0,SINGLE_FAMILY,FOR_SALE,Paradise,36.088715,-115.10714,2026-02-14
229995.0,2,2.0,1000.0,CONDO,FOR_SALE,Paradise,36.098167,-115.12745,2026-02-19
545000.0,4,3.0,1540.0,SINGLE_FAMILY,FOR_SALE,Paradise,36.09214,-115.126335,2026-02-14
349900.0,3,2.0,1418.0,SINGLE_FAMILY,FOR_SALE,Paradise,36.086575,-115.123474,2026-02-19
680000.0,4,3.0,2805.0,SINGLE_FAMILY,FOR_SALE,Spring Valley,36.15417,-115.22081,2026-02-23
899999.0,5,4.0,3888.0,SINGLE_FAMILY,FOR_SALE,Spring Valley,36.15209,-115.21863,2026-02-22
799990.0,5,4.0,3214.0,SINGLE_FAMILY,FOR_SALE,Spring Valley,36.149254,-115.2176,2026-02-23
395000.0,4,2.0,2204.0,SINGLE_FAMILY,FOR_SALE,Spring Valley,36.156097,-115.21471,2026-02-20
370000.0,4,2.0,1610.0,SINGLE_FAMILY,FOR_SALE,Spring Valley,36.157482,-115.21347,2026-02-20
430000.0,3,3.0,2459.0,SINGLE_FAMILY,FOR_SALE,Spring Valley,36.152515,-115.21267,2026-02-23
229900.0,2,2.0,926.0,CONDO,FOR_SALE,Spring Valley,36.15143,-115.21206,2026-02-15
230000.0,2,2.0,926.0,CONDO,FOR_SALE,Spring Valley,36.150257,-115.21158,2026-02-11
700000.0,5,3.0,2720.0,SINGLE_FAMILY,FOR_SALE,Spring Valley,36.15126,-115.24153,2026-02-07
675000.0,4,3.0,2361.0,SINGLE_FAMILY,FOR_SALE,Spring Valley,36.15023,-115.22746,2026-02-14
995000.0,5,4.0,3727.0,SINGLE_FAMILY,FOR_SALE,Summerlin,36.153816,-115.25915,2026-02-23
950000.0,4,3.0,2761.0,SINGLE_FAMILY,FOR_SALE,Spring Valley,36.15115,-115.25612,2026-02-21
1499900.0,4,5.0,4853.0,SINGLE_FAMILY,FOR_SALE,Spring Valley,36.147373,-115.25625,2026-02-16
1820000.0,5,6.0,4996.0,SINGLE_FAMILY,FOR_SALE,Summerlin,36.151638,-115.266464,2026-02-17
850000.0,5,4.0,3341.0,SINGLE_FAMILY,FOR_SALE,Summerlin,36.153915,-115.26869,2026-02-11
1650000.0,5,6.0,4469.0,SINGLE_FAMILY,FOR_SALE,Summerlin,36.14963,-115.262245,2026-02-17
4700000.0,5,6.0,8438.0,SINGLE_FAMILY,FOR_SALE,Summerlin,36.148224,-115.29186,2026-02-11
575000.0,3,2.0,1640.0,SINGLE_FAMILY,FOR_SALE,Summerlin,36.155106,-115.28853,2026-02-07
1695000.0,4,5.0,3653.0,SINGLE_FAMILY,FOR_SALE,Summerlin,36.145218,-115.28434,2026-02-16
950000.0,5,3.0,3078.0,SINGLE_FAMILY,FOR_SALE,Summerlin,36.14864,-115.30727,2026-02-23
670000.0,4,3.0,2457.0,SINGLE_FAMILY,FOR_SALE,Summerlin,36.150455,-115.31209,2026-02-15
320000.0,2,2.0,1079.0,CONDO,FOR_SALE,Summerlin,36.148155,-115.31519,2026-02-11
540000.0,4,3.0,2080.0,SINGLE_FAMILY,FOR_SALE,Summerlin,36.156357,-115.30203,2026-02-17
999900.0,4,3.0,3281.0,SINGLE_FAMILY,FOR_SALE,Summerlin,36.155186,-115.30398,2026-02-20
509900.0,3,2.0,1690.0,SINGLE_FAMILY,FOR_SALE,Summerlin,36.14806,-115.30335,2026-02-17
565000.0,4,3.0,2288.0,SINGLE_FAMILY,FOR_SALE,Summerlin,36.14956,-115.30362,2026-02-19
469000.0,3,3.0,1567.0,SINGLE_FAMILY,FOR_SALE,Summerlin,36.14256,-115.313644,2026-02-23
440000.0,5,3.0,2207.0,SINGLE_FAMILY,FOR_SALE,Summerlin,36.142033,-115.312805,2026-02-23
599888.0,4,3.0,3135.0,SINGLE_FAMILY,FOR_SALE,Summerlin,36.134373,-115.314896,2026-02-19
570000.0,4,3.0,1991.0,SINGLE_FAMILY,FOR_SALE,Summerlin,36.133755,-115.30816,2026-02-17
399000.0,3,2.0,1259.0,SINGLE_FAMILY,FOR_SALE,Summerlin,36.135563,-115.30689,2026-02-15
399999.0,2,2.0,1070.0,SINGLE_FAMILY,FOR_SALE,Summerlin,36.14266,-115.3055,2026-02-21
475000.0,3,3.0,1701.0,SINGLE_FAMILY,FOR_SALE,Summerlin,36.142647,-115.30268,2026-02-23
539999.0,4,3.0,2655.0,SINGLE_FAMILY,FOR_SALE,Summerlin,36.142185,-115.29798,2026-02-21
579500.0,4,3.0,2200.0,SINGLE_FAMILY,FOR_SALE,Summerlin,36.1386,-115.30101,2026-02-23
849900.0,4,3.0,2974.0,SINGLE_FAMILY,FOR_SALE,Summerlin,36.13561,-115.29839,2026-02-22
599000.0,3,2.0,1867.0,SINGLE_FAMILY,FOR_SALE,Summerlin,36.133972,-115.30109,2026-02-11
435000.0,3,2.0,1363.0,SINGLE_FAMILY,FOR_SALE,Summerlin,36.13313,-115.30321,2026-02-07
430000.0,3,3.0,1804.0,SINGLE_FAMILY,FOR_SALE,Summerlin,36.132492,-115.29755,2026-02-19
575000.0,3,3.0,2123.0,SINGLE_FAMILY,FOR_SALE,Summerlin,36.13271,-115.30111,2026-02-19
575000.0,3,3.0,2196.0,SINGLE_FAMILY,FOR_SALE,Summerlin,36.13181,-115.29871,2026-02-15
579900.0,3,4.0,1883.0,SINGLE_FAMILY,FOR_SALE,Summerlin,36.139736,-115.29268,2026-02-11
450000.0,3,3.0,1808.0,SINGLE_FAMILY,FOR_SALE,Summerlin,36.136086,-115.292946,2026-02-19
529945.0,3,3.0,1929.0,SINGLE_FAMILY,FOR_SALE,Summerlin,36.13714,-115.28302,2026-02-22
600000.0,4,2.0,2085.0,SINGLE_FAMILY,FOR_SALE,Summerlin,36.130405,-115.28638,2026-02-07
489000.0,3,3.0,1722.0,SINGLE_FAMILY,FOR_SALE,Summerlin,36.131176,-115.28515,2026-02-21
389000.0,3,3.0,1554.0,SINGLE_FAMILY,FOR_SALE,Summerlin,36.13092,-115.2806,2026-02-16
454000.0,4,3.0,2257.0,SINGLE_FAMILY,FOR_SALE,Summerlin,36.140522,-115.27059,2026-02-19
1085000.0,4,3.0,4238.0,SINGLE_FAMILY,FOR_SALE,Spring Valley,36.13754,-115.26258,2026-02-17
1200000.0,6,5.0,3826.0,SINGLE_FAMILY,FOR_SALE,Spring Valley,36.13937,-115.26231,2026-02-16
600000.0,4,3.0,2989.0,SINGLE_FAMILY,FOR_SALE,Spring Valley,36.13443,-115.26581,2026-02-07
375000.0,3,3.0,1595.0,SINGLE_FAMILY,FOR_SALE,Spring Valley,36.130196,-115.2633,2026-02-16
2395000.0,6,6.0,5417.0,SINGLE_FAMILY,FOR_SALE,Spring Valley,36.13982,-115.25795,2026-02-09
960000.0,5,3.0,3607.0,SINGLE_FAMILY,FOR_SALE,Spring Valley,36.136375,-115.2494,2026-02-19
495000.0,4,3.0,2523.0,SINGLE_FAMILY,FOR_SALE,Spring Valley,36.142586,-115.232544,2026-02-17
1300000.0,5,3.0,4317.0,SINGLE_FAMILY,FOR_SALE,Spring Valley,36.138306,-115.23204,2026-02-15
2290000.0,7,6.0,4764.0,SINGLE_FAMILY,FOR_SALE,Spring Valley,36.136265,-115.23297,2026-02-17
4999999.0,5,7.0,6654.0,SINGLE_FAMILY,FOR_SALE,Spring Valley,36.14454,-115.225716,2026-02-17
1999000.0,5,7.0,5728.0,SINGLE_FAMILY,FOR_SALE,Spring Valley,36.130665,-115.220436,2026-02-23
849995.0,5,3.0,2696.0,SINGLE_FAMILY,FOR_SALE,Spring Valley,36.12656,-115.223656,2026-02-23
545000.0,4,3.0,2141.0,SINGLE_FAMILY,FOR_SALE,Spring Valley,36.124172,-115.218285,2026-02-07
594900.0,4,3.0,2150.0,SINGLE_FAMILY,FOR_SALE,Spring Valley,36.11705,-115.21435,2026-02-15
349900.0,2,2.0,1186.0,SINGLE_FAMILY,FOR_SALE,Spring Valley,36.122562,-115.236664,2026-02-20
749999.0,4,3.0,2475.0,SINGLE_FAMILY,FOR_SALE,Spring Valley,36.127777,-115.23302,2026-02-14
359000.0,3,2.0,1229.0,SINGLE_FAMILY,FOR_SALE,Spring Valley,36.12248,-115.22915,2026-02-09
283000.0,3,2.0,1242.0,TOWNHOUSE,FOR_SALE,Spring Valley,36.123154,-115.22603,2026-02-19
465888.0,3,2.0,1707.0,SINGLE_FAMILY,FOR_SALE,Spring Valley,36.12158,-115.2309,2026-02-07
269900.0,2,2.0,1023.0,CONDO,FOR_SALE,Spring Valley,36.11569,-115.25509,2026-02-21
460000.0,3,2.0,1202.0,SINGLE_FAMILY,FOR_SALE,Spring Valley,36.11941,-115.25117,2026-02-23
455000.0,4,2.0,1532.0,SINGLE_FAMILY,FOR_SALE,Spring Valley,36.117416,-115.25114,2026-02-17
375000.0,4,3.0,1731.0,SINGLE_FAMILY,FOR_SALE,Spring Valley,36.11484,-115.25006,2026-02-20
459000.0,4,3.0,2047.0,SINGLE_FAMILY,FOR_SALE,Spring Valley,36.128284,-115.26169,2026-02-16
385000.0,3,3.0,1527.0,SINGLE_FAMILY,FOR_SALE,Spring Valley,36.12909,-115.269226,2026-02-11
229000.0,2,2.0,1023.0,CONDO,FOR_SALE,Spring Valley,36.11575,-115.26487,2026-02-14
699999.0,4,3.0,2650.0,SINGLE_FAMILY,FOR_SALE,Summerlin,36.12101,-115.29279,2026-02-19
509000.0,3,2.0,2002.0,SINGLE_FAMILY,FOR_SALE,Summerlin,36.117126,-115.29001,2026-02-23
499995.0,4,3.0,3017.0,SINGLE_FAMILY,FOR_SALE,Summerlin,36.117134,-115.29405,2026-02-23
418000.0,3,3.0,1816.0,SINGLE_FAMILY,FOR_SALE,Summerlin,36.129456,-115.28705,2026-02-19
720000.0,3,2.0,2234.0,SINGLE_FAMILY,FOR_SALE,Summerlin,36.12142,-115.28312,2026-02-11
525000.0,3,2.0,1784.0,SINGLE_FAMILY,FOR_SALE,Summerlin,36.118816,-115.28493,2026-02-09
579999.0,5,3.0,2147.0,SINGLE_FAMILY,FOR_SALE,Summerlin,36.12778,-115.30815,2026-02-19
755000.0,5,3.0,2978.0,SINGLE_FAMILY,FOR_SALE,Summerlin,36.1271,-115.31406,2026-02-17
595000.0,4,3.0,2366.0,SINGLE_FAMILY,FOR_SALE,Summerlin,36.123436,-115.310394,2026-02-19
619999.0,5,4.0,3064.0,SINGLE_FAMILY,FOR_SALE,Summerlin,36.12273,-115.30888,2026-02-23
465000.0,3,3.0,2207.0,SINGLE_FAMILY,FOR_SALE,Summerlin,36.121105,-115.308136,2026-02-20
680000.0,2,2.0,2335.0,SINGLE_FAMILY,FOR_SALE,Summerlin,36.11848,-115.29836,2026-02-07
527777.0,4,3.0,2454.0,SINGLE_FAMILY,FOR_SALE,Summerlin,36.10214,-115.30884,2026-02-09
619000.0,4,3.0,2654.0,SINGLE_FAMILY,FOR_SALE,Summerlin,36.106556,-115.302574,2026-02-14
510000.0,4,2.0,2124.0,SINGLE_FAMILY,FOR_SALE,Summerlin,36.111816,-115.29413,2026-02-23
465000.0,3,2.0,1504.0,SINGLE_FAMILY,FOR_SALE,Summerlin,36.105816,-115.29168,2026-02-07
549000.0,3,3.0,2280.0,SINGLE_FAMILY,FOR_SALE,Summerlin,36.10613,-115.28984,2026-02-21
395000.0,3,2.0,1571.0,SINGLE_FAMILY,FOR_SALE,Spring Valley,36.10099,-115.28395,2026-02-19
579998.0,4,3.0,1946.0,SINGLE_FAMILY,FOR_SALE,Spring Valley,36.101093,-115.27795,2026-02-20
399000.0,3,3.0,1653.0,SINGLE_FAMILY,FOR_SALE,Spring Valley,36.100628,-115.269226,2026-02-14
514999.0,4,3.0,1868.0,SINGLE_FAMILY,FOR_SALE,Spring Valley,36.112144,-115.258446,2026-02-23
459999.0,3,3.0,1795.0,SINGLE_FAMILY,FOR_SALE,Spring Valley,36.1114,-115.25336,2026-02-17
395000.0,3,3.0,1559.0,SINGLE_FAMILY,FOR_SALE,Spring Valley,36.105465,-115.25251,2026-02-22
569000.0,4,3.0,2449.0,SINGLE_FAMILY,FOR_SALE,Spring Valley,36.10064,-115.25551,2026-02-11
385000.0,3,2.0,1202.0,SINGLE_FAMILY,FOR_SALE,Spring Valley,36.113716,-115.246086,2026-02-23
430000.0,3,3.0,1749.0,SINGLE_FAMILY,FOR_SALE,Spring Valley,36.109966,-115.25012,2026-02-20
439999.0,4,3.0,1762.0,SINGLE_FAMILY,FOR_SALE,Spring Valley,36.1059,-115.24749,2026-02-20
425000.0,4,3.0,2070.0,SINGLE_FAMILY,FOR_SALE,Spring Valley,36.10554,-115.246185,2026-02-23
520000.0,4,3.0,1762.0,SINGLE_FAMILY,FOR_SALE,Spring Valley,36.102783,-115.2518,2026-02-11
279990.0,3,2.0,1024.0,TOWNHOUSE,FOR_SALE,Spring Valley,36.102802,-115.24522,2026-02-15
370000.0,5,3.0,1519.0,TOWNHOUSE,FOR_SALE,Spring Valley,36.11281,-115.240906,2026-02-16
495000.0,4,3.0,2139.0,SINGLE_FAMILY,FOR_SALE,Spring Valley,36.10766,-115.23427,2026-02-22
425000.0,4,3.0,2161.0,SINGLE_FAMILY,FOR_SALE,Spring Valley,36.102596,-115.23633,2026-02-17
417000.0,4,2.0,1394.0,SINGLE_FAMILY,FOR_SALE,Spring Valley,36.111023,-115.23344,2026-02-20
200000.0,2,2.0,1063.0,CONDO,FOR_SALE,Spring Valley,36.097466,-115.22314,2026-02-11
349500.0,3,3.0,1480.0,SINGLE_FAMILY,FOR_SALE,Spring Valley,36.09483,-115.21798,2026-02-09
595000.0,5,5.0,3222.0,SINGLE_FAMILY,FOR_SALE,Spring Valley,36.09052,-115.22149,2026-02-11
399900.0,3,2.0,1196.0,SINGLE_FAMILY,FOR_SALE,Spring Valley,36.099125,-115.23305,2026-02-11
415000.0,3,2.0,1438.0,SINGLE_FAMILY,FOR_SALE,Spring Valley,36.094303,-115.23021,2026-02-11
499000.0,4,2.0,1913.0,SINGLE_FAMILY,FOR_SALE,Spring Valley,36.092953,-115.23164,2026-02-15
840000.0,3,3.0,2466.0,SINGLE_FAMILY,FOR_SALE,Spring Valley,36.09615,-115.25856,2026-02-19
858888.0,3,2.0,2466.0,SINGLE_FAMILY,FOR_SALE,Spring Valley,36.094875,-115.25865,2026-02-15
434999.0,2,2.0,1173.0,TOWNHOUSE,FOR_SALE,Spring Valley,36.09898,-115.245514,2026-02-21
4999000.0,4,6.0,6352.0,SINGLE_FAMILY,FOR_SALE,Spring Valley,36.093063,-115.27663,2026-02-07
619000.0,2,2.0,1814.0,SINGLE_FAMILY,FOR_SALE,Spring Valley,36.09548,-115.26108,2026-02-14
450000.0,4,2.0,1590.0,SINGLE_FAMILY,FOR_SALE,Spring Valley,36.09032,-115.26575,2026-02-23
240000.0,2,1.0,836.0,CONDO,FOR_SALE,Mountains Edge,36.086197,-115.26768,2026-02-11
249000.0,1,2.0,593.0,CONDO,FOR_SALE,Mountains Edge,36.086163,-115.26681,2026-02-20
1750000.0,4,5.0,4573.0,SINGLE_FAMILY,FOR_SALE,Spring Valley,36.09915,-115.28637,2026-02-17
265900.0,2,2.0,1108.0,CONDO,FOR_SALE,Mountains Edge,36.08448,-115.27644,2026-02-23
450000.0,4,3.0,2232.0,SINGLE_FAMILY,FOR_SALE,Mountains Edge,36.0794,-115.27601,2026-02-17
389900.0,3,3.0,1704.0,SINGLE_FAMILY,FOR_SALE,Spring Valley,36.083405,-115.25525,2026-02-23
420000.0,4,3.0,1746.0,SINGLE_FAMILY,FOR_SALE,Spring Valley,36.083313,-115.25722,2026-02-17
595000.0,3,2.0,1392.0,SINGLE_FAMILY,FOR_SALE,Spring Valley,36.07684,-115.2343,2026-02-23
999900.0,4,3.0,2917.0,SINGLE_FAMILY,FOR_SALE,Enterprise,36.07825,-115.21718,2026-02-17
1799000.0,4,4.0,3343.0,SINGLE_FAMILY,FOR_SALE,Summerlin,36.146,-115.34285,2026-02-15
575000.0,3,3.0,1598.0,SINGLE_FAMILY,FOR_SALE,Summerlin,36.14376,-115.32793,2026-02-19
460000.0,3,3.0,1698.0,SINGLE_FAMILY,FOR_SALE,Summerlin,36.14202,-115.32265,2026-02-19
810000.0,4,4.0,2550.0,SINGLE_FAMILY,FOR_SALE,Summerlin,36.139805,-115.32362,2026-02-14
845000.0,4,3.0,3027.0,SINGLE_FAMILY,FOR_SALE,Summerlin,36.13959,-115.32365,2026-02-09
685000.0,3,2.0,2376.0,SINGLE_FAMILY,FOR_SALE,Mountains Edge,36.04689,-115.288704,2026-02-22
678888.0,3,2.0,2036.0,SINGLE_FAMILY,FOR_SALE,Mountains Edge,36.04716,-115.29137,2026-02-16
1625000.0,6,7.0,6378.0,SINGLE_FAMILY,FOR_SALE,Green Valley,36.0584,-115.109566,2026-02-19
1200000.0,3,4.0,5647.0,SINGLE_FAMILY,FOR_SALE,Green Valley,36.061176,-115.1083,2026-02-20
550000.0,4,2.0,2292.0,SINGLE_FAMILY,FOR_SALE,Paradise,36.060246,-115.130615,2026-02-11
360000.0,2,2.0,995.0,SINGLE_FAMILY,FOR_SALE,Paradise,36.06019,-115.12767,2026-02-17
354999.0,2,2.0,1102.0,SINGLE_FAMILY,FOR_SALE,Paradise,36.06075,-115.13827,2026-02-09
559900.0,3,3.0,1368.0,MULTI_FAMILY,FOR_SALE,Enterprise,36.057552,-115.202415,2026-02-23
779000.0,5,3.0,2840.0,SINGLE_FAMILY,FOR_SALE,Enterprise,36.053665,-115.206924,2026-02-21
1200000.0,5,4.0,3857.0,SINGLE_FAMILY,FOR_SALE,Enterprise,36.052803,-115.19444,2026-02-09
949000.0,3,3.0,2856.0,SINGLE_FAMILY,FOR_SALE,Enterprise,36.04657,-115.18668,2026-02-23
1475000.0,4,4.0,3258.0,SINGLE_FAMILY,FOR_SALE,Enterprise,36.052517,-115.16199,2026-02-22
575000.0,4,3.0,2172.0,SINGLE_FAMILY,FOR_SALE,Paradise,36.05682,-115.14774,2026-02-20
725000.0,4,3.0,2469.0,SINGLE_FAMILY,FOR_SALE,Paradise,36.051746,-115.14212,2026-02-15
355000.0,2,2.0,1102.0,SINGLE_FAMILY,FOR_SALE,Enterprise,36.043606,-115.142525,2026-02-14
564995.0,3,3.0,1882.0,SINGLE_FAMILY,FOR_SALE,Enterprise,36.04474,-115.13999,2026-02-22
420000.0,3,2.0,1278.0,SINGLE_FAMILY,FOR_SALE,Paradise,36.045788,-115.13739,2026-02-23
375000.0,2,2.0,1056.0,SINGLE_FAMILY,FOR_SALE,Paradise,36.042946,-115.13721,2026-02-20
719888.0,4,4.0,3122.0,SINGLE_FAMILY,FOR_SALE,Paradise,36.04633,-115.130615,2026-02-21
599800.0,4,2.0,2082.0,SINGLE_FAMILY,FOR_SALE,Paradise,36.049023,-115.127686,2026-02-23
475000.0,3,2.0,1826.0,SINGLE_FAMILY,FOR_SALE,Green Valley,36.04529,-115.12907,2026-02-11
425000.0,3,2.0,1493.0,SINGLE_FAMILY,FOR_SALE,Green Valley,36.052017,-115.10907,2026-02-14
569900.0,3,3.0,1907.0,SINGLE_FAMILY,FOR_SALE,Green Valley,36.030952,-115.11464,2026-02-11
574000.0,4,2.0,1747.0,SINGLE_FAMILY,FOR_SALE,Green Valley,36.041775,-115.12853,2026-02-22
640000.0,4,3.0,2287.0,SINGLE_FAMILY,FOR_SALE,Enterprise,36.040386,-115.15026,2026-02-23
385000.0,3,2.0,1163.0,SINGLE_FAMILY,FOR_SALE,Enterprise,36.038994,-115.14732,2026-02-14
350000.0,2,2.0,1088.0,SINGLE_FAMILY,FOR_SALE,Enterprise,36.03682,-115.142975,2026-02-22
420000.0,4,3.0,1847.0,SINGLE_FAMILY,FOR_SALE,Enterprise,36.038754,-115.142265,2026-02-19
294900.0,2,2.0,1088.0,SINGLE_FAMILY,FOR_SALE,Enterprise,36.03543,-115.14382,2026-02-17
380000.0,3,3.0,1554.0,SINGLE_FAMILY,FOR_SALE,Enterprise,36.033978,-115.141426,2026-02-07
2000.0,3,3.0,1376.0,TOWNHOUSE,FOR_SALE,Enterprise,36.01574,-115.17009,2026-02-09
700000.0,6,3.0,3032.0,SINGLE_FAMILY,FOR_SALE,Enterprise,36.026524,-115.15819,2026-02-17
409000.0,3,2.0,1251.0,SINGLE_FAMILY,FOR_SALE,Enterprise,36.017506,-115.1501,2026-02-19
550000.0,4,3.0,2156.0,SINGLE_FAMILY,FOR_SALE,Enterprise,36.02199,-115.13834,2026-02-23
599999.0,4,4.0,2722.0,SINGLE_FAMILY,FOR_SALE,Enterprise,36.019825,-115.14385,2026-02-23
429000.0,3,2.0,1466.0,SINGLE_FAMILY,FOR_SALE,Enterprise,36.01484,-115.139084,2026-02-09
1075000.0,6,4.0,3673.0,SINGLE_FAMILY,FOR_SALE,Enterprise,36.021053,-115.13333,2026-02-20
429000.0,2,2.0,1485.0,SINGLE_FAMILY,FOR_SALE,Green Valley,36.015404,-115.129265,2026-02-11
480000.0,3,3.0,1558.0,SINGLE_FAMILY,FOR_SALE,Green Valley,36.013588,-115.130554,2026-02-09
725000.0,4,3.0,2654.0,SINGLE_FAMILY,FOR_SALE,Green Valley,36.02658,-115.11157,2026-02-17
569900.0,4,3.0,3247.0,SINGLE_FAMILY,FOR_SALE,Enterprise,36.01299,-115.132515,2026-02-09
625999.0,5,3.0,3247.0,SINGLE_FAMILY,FOR_SALE,Anthem,36.009457,-115.13015,2026-02-23
540000.0,5,3.0,2982.0,SINGLE_FAMILY,FOR_SALE,Enterprise,36.009018,-115.13262,2026-02-16
549999.0,4,3.0,1941.0,SINGLE_FAMILY,FOR_SALE,Enterprise,36.007683,-115.1339,2026-02-11
475000.0,4,3.0,2259.0,SINGLE_FAMILY,FOR_SALE,Anthem,36.007652,-115.13161,2026-02-17
469999.0,4,3.0,1676.0,SINGLE_FAMILY,FOR_SALE,Anthem,36.00546,-115.132195,2026-02-23
590000.0,5,3.0,2259.0,SINGLE_FAMILY,FOR_SALE,Anthem,36.010017,-115.12479,2026-02-09
399900.0,2,2.0,986.0,SINGLE_FAMILY,FOR_SALE,Enterprise,36.00825,-115.139626,2026-02-15
700000.0,4,2.0,1947.0,SINGLE_FAMILY,FOR_SALE,Enterprise,36.00367,-115.158936,2026-02-20
1500000.0,3,3.0,3191.0,SINGLE_FAMILY,FOR_SALE,Enterprise,35.989834,-115.16991,2026-02-17
1250000.0,5,4.0,3877.0,SINGLE_FAMILY,FOR_SALE,Enterprise,35.996582,-115.155426,2026-02-23
1100000.0,5,4.0,4197.0,SINGLE_FAMILY,FOR_SALE,Enterprise,35.9956,-115.15609,2026-02-23
1495000.0,4,4.0,4155.0,SINGLE_FAMILY,FOR_SALE,Green Valley,36.064526,-115.09481,2026-02-11
999000.0,5,5.0,3802.0,SINGLE_FAMILY,FOR_SALE,Mountains Edge,36.006298,-115.25491,2026-02-22
225000.0,1,1.0,841.0,CONDO,FOR_SALE,Mountains Edge,36.059597,-115.28299,2026-02-11
330000.0,3,3.0,1415.0,SINGLE_FAMILY,FOR_SALE,Green Valley,36.09005,-115.02418,2026-02-16
445000.0,4,3.0,1804.0,SINGLE_FAMILY,FOR_SALE,Mountains Edge,36.00629,-115.28157,2026-02-23
1275000.0,4,5.0,4708.0,SINGLE_FAMILY,FOR_SALE,Centennial,36.24262,-115.269394,2026-02-14
525000.0,4,3.0,2102.0,SINGLE_FAMILY,FOR_SALE,Mountains Edge,36.010002,-115.26942,2026-02-23
900000.0,4,3.0,3126.0,SINGLE_FAMILY,FOR_SALE,Summerlin,36.157997,-115.34877,2026-02-15
534900.0,4,3.0,2505.0,SINGLE_FAMILY,FOR_SALE,Mountains Edge,35.99087,-115.25168,2026-02-22
365000.0,3,3.0,1269.0,SINGLE_FAMILY,FOR_SALE,Anthem,36.00162,-115.129715,2026-02-22
399999.0,3,3.0,1549.0,SINGLE_FAMILY,FOR_SALE,Mountains Edge,35.999947,-115.247856,2026-02-16
336990.0,3,3.0,1300.0,SINGLE_FAMILY,FOR_SALE,Centennial,36.300915,-115.29221,2026-02-09
699000.0,4,3.0,3048.0,SINGLE_FAMILY,FOR_SALE,Centennial,36.33276,-115.27137,2026-02-09
1200000.0,4,4.0,3387.0,SINGLE_FAMILY,FOR_SALE,Summerlin,36.168125,-115.359406,2026-02-21
344900.0,3,3.0,1352.0,SINGLE_FAMILY,FOR_SALE,Centennial,36.289425,-115.2908,2026-02-22
394990.0,3,3.0,1820.0,SINGLE_FAMILY,FOR_SALE,Green Valley,36.090958,-115.026245,2026-02-15
410000.0,3,3.0,1649.0,SINGLE_FAMILY,FOR_SALE,Centennial,36.292892,-115.32145,2026-02-23
375000.0,3,4.0,1602.0,TOWNHOUSE,FOR_SALE,Mountains Edge,36.100285,-115.289986,2026-02-22
249500.0,4,2.0,1348.0,MOBILE,FOR_SALE,Winchester,36.128326,-115.06279,2026-02-16
210000.0,2,2.0,1632.0,MOBILE,FOR_SALE,Spring Valley,36.107418,-115.21133,2026-02-15
1250000.0,3,4.0,2907.0,SINGLE_FAMILY,FOR_SALE,Centennial,36.315598,-115.37496,2026-02-07
289000.0,4,2.0,1950.0,MOBILE,FOR_SALE,Winchester,36.16295,-115.05893,2026-02-23
304000.0,3,2.0,1560.0,MOBILE,FOR_SALE,Winchester,36.198143,-115.03866,2026-02-17
259995.0,3,2.0,1152.0,MOBILE,FOR_SALE,Winchester,36.128895,-115.06381,2026-02-23
265000.0,3,2.0,1248.0,SINGLE_FAMILY,FOR_SALE,Winchester,36.139244,-115.056335,2026-02-20
315000.0,3,2.0,1344.0,MOBILE,FOR_SALE,Winchester,36.204304,-115.04027,2026-02-14
265000.0,4,3.0,1288.0,MOBILE,FOR_SALE,Winchester,36.19013,-115.09141,2026-02-16
225000.0,3,2.0,1400.0,MOBILE,FOR_SALE,Winchester,36.200138,-115.03986,2026-02-11
495000.0,3,3.0,2492.0,SINGLE_FAMILY,FOR_SALE,Mountains Edge,36.039803,-115.30563,2026-02-11
339999.0,3,3.0,1292.0,SINGLE_FAMILY,FOR_SALE,Downtown Las Vegas,36.1919,-115.1848,2026-02-17
624900.0,4,2.0,2159.0,SINGLE_FAMILY,FOR_SALE,Mountains Edge,36.01848,-115.295265,2026-02-11
435000.0,4,4.0,1976.0,SINGLE_FAMILY,FOR_SALE,Mountains Edge,35.997025,-115.23313,2026-02-15
499000.0,4,3.0,2021.0,SINGLE_FAMILY,FOR_SALE,Enterprise,36.042923,-115.23792,2026-02-23
175000.0,1,1.0,663.0,CONDO,FOR_SALE,Summerlin,36.142857,-115.27488,2026-02-15
3875000.0,5,9.0,8579.0,SINGLE_FAMILY,FOR_SALE,Green Valley,36.06733,-115.10587,2026-02-07
2499999.0,6,7.0,5693.0,SINGLE_FAMILY,FOR_SALE,Centennial,36.258286,-115.30818,2026-02-17
540000.0,4,2.0,1815.0,SINGLE_FAMILY,FOR_SALE,Centennial,36.329582,-115.265816,2026-02-20
550000.0,5,3.0,2976.0,SINGLE_FAMILY,FOR_SALE,Mountains Edge,36.00992,-115.29265,2026-02-11
389000.0,3,3.0,1671.0,SINGLE_FAMILY,FOR_SALE,Mountains Edge,36.034283,-115.29891,2026-02-22
350000.0,3,3.0,1374.0,SINGLE_FAMILY,FOR_SALE,Green Valley,36.090214,-115.05894,2026-02-21
19999000.0,5,8.0,13085.0,SINGLE_FAMILY,FOR_SALE,Summerlin,36.127846,-115.350716,2026-02-23
499500.0,3,3.0,1787.0,SINGLE_FAMILY,FOR_SALE,Mountains Edge,36.004368,-115.245316,2026-02-23
449000.0,3,3.0,1740.0,SINGLE_FAMILY,FOR_SALE,Enterprise,35.99362,-115.22768,2026-02-23
988000.0,2,3.0,2109.0,CONDO,FOR_SALE,Summerlin,36.174194,-115.2986,2026-02-22
430000.0,3,3.0,1455.0,SINGLE_FAMILY,FOR_SALE,Enterprise,36.015305,-115.22304,2026-02-22
725000.0,4,4.0,2791.0,SINGLE_FAMILY,FOR_SALE,Centennial,36.280834,-115.22321,2026-02-22
459900.0,3,3.0,2091.0,SINGLE_FAMILY,FOR_SALE,Mountains Edge,36.005104,-115.24653,2026-02-16
455000.0,3,3.0,1763.0,SINGLE_FAMILY,FOR_SALE,Mountains Edge,36.0029,-115.2555,2026-02-23
385000.0,2,3.0,1240.0,SINGLE_FAMILY,FOR_SALE,Mountains Edge,36.00771,-115.29787,2026-02-11
444000.0,4,3.0,1809.0,SINGLE_FAMILY,FOR_SALE,Centennial,36.294308,-115.32657,2026-02-09
